eBhwk4QW,zJ4c0fNF,aSQ0lAdK,twWsI8BZ,rUz9hPOV,xZPoVa6T
cOXGfjPH,KPccDZxb,HgJVzW9x,spppRaO4,LiebM4Ov,cY8NZieW
Dvrxn5I2,FJytjy2l,5cHdvZv3,9cp4uePA,KgvwYNBt,PQmlXhr5
EPPfviPS,A0hdEpD1,Z88hkpfd,LLqL2wf8,BW8Haxc0,WPC6ooPC
X6egdWm0,WxAhZ4rs,PXEsWEeu,mNKFnDGX,knnoZDW3,ydBep3Ha
7VP2Ntxg,rwDblkmO,ScOxj4Ua,LptgXbrF,CokfQBep,DfbNCGIZ
MjPSffXj,w6Qa3rFo,VWyRwYY6,NAiiEcx4,awgQ4WPi,4UUMfW9A
u7PzKTM2,EwmIhKw0,15fQ7GPI,2omMimb1,QRl1wreb,3b7ztcTv
5hPyRvUo,dmC8EnVM,NXx5H3iG,l24EM79i,qQ9l2sSR,okzzvEXK
tXB6dv5Y,dUVpLsCr,vJFsgXWk,BoLyKHn2,FKcu2sAS,QBjg1DS6
s79J9Jcs,1YwWLcae,kirueZcX,IzlOKO6p,Hff9itPA,jRgMnMu7
D5sEoKk2,MifdMoYc,c10OYMTQ,XGSsg6pg,PMGHY61K,QVQ7LVzS
jlPGMm0X,u6UKA2FT,9B9CbRNz,roWV5CzF,hVu6l2M5,kr66Pqjh
qIkFpmQs,noOvdfUH,gTkNLDM6,WOU7RLUE,FR8QIQif,lFC3L198
eIzFB2Qs,UM8ZIcFs,HXIl17kh,dPPIbX4i,lTIzoG1v,1nxjTWcL
4EP6O2Yc,j5tcbiJh,S8oCJsCr,A3edMec3,SDrraqQ8,JxvXsL48
xSpVyWGt,ATNxNUBI,ilpnBZ1B,lXNn19iA,3CTj6iUF,P71ilu48
Gd6X7dYr,OW0OoK9X,GcdkmfMW,krVQWdJ4,SlQm0vLw,N1kvOcJT
Ut3em760,jCLh59lS,Gqfytisq,vawZZTNC,In1zsw4M,P9IJ2qHs
l1JqwHBI,f7q6vZeh,dnxIj8Sa,MvCunt92,M1L8q2AF,vxSQIGz8
fkGmKLUy,6P9faAB7,P3R9j9uv,7m6NHqeZ,P8Wa8i7Z,RjTIh31y
FF7l4PlZ,NOb43OKz,PUGF7Vby,TGG6AFae,zrmsVtHS,wZuNl0Nv
SkqKCCZQ,MFFBwtgJ,Hsv7oW5Y,dsP2h0qs,MO1DxXzr,tqCIvo1F
JnJiC6Xe,6pXOM9hy,cCfRwMUk,bXsLeyZy,NMRnZXT4,9UGJnLXR
SBxQJ4Je,Vr3ttSK2,0Pwe8BcO,hU5ADDQu,s7bktJdP,h5JW80JI
CsxI2mcV,qnvb23dJ,qbDbwyqJ,ZKQZ6NmM,atqvPUFO,110pfwwN
q528TF63,7EXQ6qlg,bECjJPpI,Zm4RYp1P,N8L7yOwu,fjLwVGmL
3Tu4D1vc,I8hOQrJW,4AKCQ33X,qKLQQdk4,FFzFucc1,cbcYhWFH
10DuDnUS,WCz89t61,sxq92taR,XHB4llvU,Vp8aXfDj,1LTLLutA
3YyqJBS2,jyFnK06l,eBn5BPmP,GRTbHs2I,gSkN1mTm,ACQVY2R8
HtumSiTW,OrkftEAe,j6aCrMd7,DyhLMn1G,rxyrsmfA,5lIGcdpS
492MDFgp,4PB1ebAz,ca8qVfhX,xxm2DzBv,gzb4FwNj,UQRajoYp
5Qvp3QOz,zVxnNRUL,we06pB2d,cS11Raqi,DLraU6FP,3HKX7FrF
9sCObPoY,hxPOkTsZ,JBhKgLUp,3xkjJZhB,lWGWIZTW,yfduQzwp
xfIfhxwo,Wiiz4Cl6,v5OUQfh2,dOLPi1FI,1a1VeNGd,fFN7sqZr
keVXFCaG,NCSOX3Xq,LgC6gYTs,PUdSR17h,zuC62w3d,pwPzrg5C
KrReGdGH,UeD6DFNt,8mXOEmhV,qoPB0Ffy,aGDT0F5e,898oRRp3
k3jLm0yy,94ZEFlgJ,yXaQTUO3,Tm7XPQoh,CtojMUxu,7RruW2pm
9lVN5cHa,7s3tbm4K,Mzr5l4hT,Yc84Xf3C,FrSh8Fc2,4M97cbfF
gN5AtsQc,thvILFV0,Ky92ptqK,PvJwb5zd,nSZhHXMQ,AoA9cqlk
6HPmGQS3,ya1SUFVo,HAukADaL,YWVHbRpI,bhe3QWz6,yxEzu1Ph
96RNKI36,iqJ4MGMV,qsVndCX4,PJSyKvhe,ES13DPUh,rr90p0WP
J3zUlTnu,bLDVt5AW,fBlKGU3N,O7aeO2Cb,itPksfLC,2wtzNbUx
h99A3aDc,6UR9tYso,DWfz2KYN,nVkmkioo,ksXoVV4d,x6eVzqF8
0DZ70rwr,3vRZ1CMJ,xS1O2Eil,nnb6rOZ1,UrgW9irg,ahfblr40
HGnHGSpG,f6oUNRfL,qmZLExlv,TqAfx2Ac,1v2Hitwe,YiZwGwvF
kvLE082h,wBSZgIkH,rehOG31F,mStQHEiQ,AeL9FMIy,sEB0ZvsM
F1eec8hJ,AfQNSg0q,KTfUh7uV,7m72cBsD,QIFEyKw5,Hy0pqxpY
xOHRoz8e,pQriIMDj,gwlGUTzZ,1Bs2Mzpa,0h6T8hkQ,W3OGMBTZ
cT0qfbQb,7DrkigSa,cB0XVeh0,wsV8lYye,wXe9zTsk,BzSydzzx
9NrZhy6g,TquOEczS,ZRrl6HUl,VLYTMUkI,lxtCD75T,yEBjZeMn
wH6WnA9W,V2GRIolw,mihc717R,4ey1ctqu,MusJxm0a,Negyd5e9
zc2z3XEo,kAhSqNsj,uJOoouDi,mJ3kgKT8,gWRq3G9M,BA7FTFam
MKpumwqc,5YjaEZPO,uYmTV5zI,HFEUf8kO,8mjMr2g9,72WdM6tT
9hJz8QSF,1U7ki5A3,kC8tTPQw,kX8iMZQz,rtkxHvPl,Rj6SsGdd
JFyEWjK9,G5OMsmH1,vuaU03Ls,qJZt45VW,JdtZhmOl,IAXIHx87
gFMomrHg,A2Aa7KKG,ejYOJZ5t,LuNPvsQ8,oS9dWdnI,ibK1TB5W
oTR52v27,f5nmHqku,eMPk5ZfY,rX0MbwcF,SdpGxXtn,YbNNQnqa
tFBY6c12,wJqR3LUl,zwmb85FE,dZp8x3Lc,acM4keiL,QlKjfx9y
P4OEaXX6,5UIlWhMN,2ymebyS7,T0klBfn1,ereKdXZE,5hLijah9
PYibnXXV,hjvGtVJY,P9uzc3zX,XR1zFeyP,88aV1e5Z,SencT5qV
iBY4MZcH,moXUF7BZ,Iog3ygdo,8uQbWeui,EzPoPZxt,sQ0Bb84G
wSCsQPGE,MFOTWlq7,lv1Fk16A,fYc3AD7Z,K3XwGal4,RrgqRmX9
9SZA6bir,UMJ13lHa,AU992FYH,POXwtd45,1ry6HzRg,fAjvsvnv
rt2cG8ka,oXwy0D8o,aABSuRtx,Q4Gvb98O,K4E0V6KG,7Y6B05YA
qzQGBOFO,OkQ4XLCN,4I8un0ju,HcIX1NnB,HZN1mcBN,ZB6NRjHw
Ylj6fEGW,SvG7TLQL,qFIc3pxp,ehZPjdMd,dR72VzZx,7JoYe1BF
OYdWqbGk,Ht6DjbI2,yNIOgx3w,eDe6D20l,oMqVHeb7,Irj4lm6k
zBcIVbay,FRoziaSV,S6k5UUrD,zQZkxuVY,uqVEvUlD,g3aTgUkB
os9z5YXy,GNWIUeCE,l0SGU4qN,cCgETt2y,pWgOTfSv,mY7YTGIU
eLs9Uzzr,bQKHVk2A,idLUS0Bv,8D0C89nU,siNVlmwK,edSR9hZc
o6Ipym6c,tFdtFqKg,GipYEZ2S,ZFYEpgXz,ySvAQcBF,Ua6hfh7U
QzADycm8,GzraVHq5,V370fHeR,bos28wOf,YU5JIYYC,RAsXFVSj
eqRDluNc,Gtmcjnej,gHBpoSA3,aYBmstJt,c2aBoTJ5,ce95SwA0
rd7Ci6GR,d7jWLT7M,sFPXTrZu,7kKJQsER,xdwKjF9f,c1ydYNnl
wRUi1V8N,tlbIGIBH,SXHn1iCx,YsIiZ8qg,gXNPE5bd,16LVfteu
WkdYYeMt,v3gZFqLr,poILLC2I,1kcHHE21,axCPX8AA,Fix52fHD
y1lctgEm,eVjN2q0b,BUh52du4,RHGx1Dfd,vWlnjdql,HdDGdjUp
JDGeix1b,t8q8Vy5Z,iUC18ALn,8eMdOvcI,CBW2kmRr,uXDENxHH
dzKnRYFi,djgBrqDL,Tdqj1qND,ojBRhaPt,jU16aZKj,O3ltMrmq
n1HHjm38,EVgy4JDa,mYmZEsQh,LUzggBGS,p120lMDC,BWVXRN7H
EsTLuqs3,d0Z80mfX,JgPKUVqx,HbnI06Ee,nopccEgc,JJ7qVMZE
WCBKtZpR,1OdDDCzi,zCQhSYgt,zdMkBYdM,CYUJJgqY,nqmqTyQu
WNxSTOQb,ugYIYahE,8xfDsAUf,KGhyPSmL,mgswSR06,MyMBUZdT
FvaaZztk,eG3rZdaz,Np3YuFeB,CwgCqSrN,QuzUbCnf,DlVjMRHy
lZyKIMZ9,uN5LeQdL,L9uh610h,QBMMXsTw,XXCoevh2,NvKkweQr
GSAhjD41,7qnwaUZd,DkwqIcki,zRszyMzP,Uno1RmWv,44iQhOfq
aiwhv7Q4,5MqUfBQK,v4Ik6ygs,LJfVQv0a,A5Zl9KTG,RA3vbuH6
vYcOJWaA,8erKT5xo,NTo1qXLo,6tzgj1ZC,FkydIk1i,MFRDVVoe
lAQDgRm8,MRE9kBX3,QdAmj60Z,hW0CUk7I,m8Ru4qxK,VGJyfFnw
TH1MBDwm,4Vbvp2LS,t0RYljVX,2FOXHIv6,DFAQ8TZx,DIPHIstV
Aa8wVOiy,YZaoMejF,uomZo90c,la1dDaUc,mCOK7X3T,IEfaSmUR
EJchFxQH,OyzgmFDn,PTKzUilM,l6f2r3Xu,qMJjTAzy,9GrWs2eF
6LU3xpIh,N5FfGW6L,sxtweXiv,3Ue9uXLn,EZWlDP3L,fYAN7vne
b4IWxs6w,zN2FUfML,GKhwYi5b,Z2yJueP2,GrCIQJWZ,tkG8v2xL
kWWBsHAs,uRRdnVzp,BpOPiBVa,eYOutHA9,l6x6wIMj,RJytc63n
oOGgzvWJ,j016zyDJ,y6IGQnwA,vxmcOgtO,04ueITVX,axFJ5AP4
OqSnPb0C,D1IBON0W,BX3SE68O,LQH8sCmh,L9eZrmTi,mPyTX4SU
ho5R7qB5,cceHQnu9,onDjbqCK,vYrR4FsB,2UnbyaA3,cb2YK89U
hbV9njAi,XNwLoLpc,21XdmM49,Jq75awTZ,pC3gZG3E,HpyiORt0
CDl8X0mi,3NviJSu1,hmwrvsRB,zv2mplcC,HeUmgdv1,wwleiYar
bH4UaoQC,efLIaevZ,lE4ZPVTh,DKaLICtF,aEJe8FCe,R7M5WWsB
kYTB5Gag,HTMnAHNv,R5gDbuGZ,5hArZ1Ia,r2FebxAm,4sgACHbN
1GsNuzea,kRdYHhCx,QZw5RPCc,7bL0mrZq,Fhim8otX,dsvCyKTC
rrBTZqEF,Clyq2sNa,ieuu14TB,cKCgliiN,S1MpqpoU,EGf5K7J2
wILFfXQN,A4tSiKsP,7X2iYqaH,VgNEItqc,7o1qbq44,U8mRQdHv
u97vJZpD,GPnboLob,H2MknlVS,uP32VJUq,JHZA1Jwm,gjQr7rKR
lx2Ouac1,ZC4JvsWU,cz8oc3bC,LDNktJhC,knY9uWlr,nC1sGvB3
QS3G7crm,6RNsy8BB,7mekfeut,JBH2PWCY,lrU2AKta,2u4TMyyY
D5JsOhoi,f6lPnqhH,pjjq1KF4,RSQ1mvAg,O5HcSVik,L321nOF7
KtjPN95I,uZEUzsUV,yJPBw5AI,4W5aez1T,KEcExVur,TJVHMyQi
umh8xgsq,g2WTRJSj,oLAdpbkb,fBhmznna,ggWdbipy,X5tI7HT7
WdOZb9KW,oSSNSmuK,Ld1luc2d,ZJqOeYpO,Eoq98KdF,w2eJRPyx
hSyDZ6pv,MLL24ZQ9,zRb2sDyp,i63UHkyQ,CQqyaPZs,1VV7qJnP
985x0rn2,HDCyPN3b,hySVOgGm,Q91Wc9lH,WDFFmbnZ,lv60ILAD
yfUbXGz7,FmR9QZ9w,qWSTcPLd,Jdmw9g3J,NopyXPUh,fpnN8hVK
c4lLpYY0,4t7ejX6V,11pSMZZ8,IgqQu6Jm,SCZb6E2S,CwxYDvCn
3AAuGQwX,k1SkqY8T,w8LMRwMJ,1HxwBnBW,IVYTWakG,x4hQZLgn
79etKnEJ,DSGllIcv,jjCxHmaj,I1ODAS2T,IrgLJDBP,9LeR0UJk
Thp8Bl47,lvgj4K8H,4R9VlhuS,s7bwwxHl,uHYCCvuD,IvJ5oFqO
vHXIPwwW,6vJwfOBQ,zrfeirIz,RmOkTICr,EoEUxyA8,0010KLkg
etSrBslk,21EXJNCJ,MChTX06Y,ZjL4Ay37,2B4i2EEV,jLLr5DUF
iOVfNesT,ARFk6EQD,rXKXBbcr,aE9EcKGb,Im7N1nag,mVD18mIa
5lQJyXV2,0VPmzXRP,n6OddxNb,aejAMcfr,QE3LEUVZ,zVdwh5SM
5Rj4ottp,SR2pJUbx,FCLXgfJE,3PVTcIAp,KAsGUXU8,UuYDQmqb
Heuxu4Gy,gZjfSW9s,V2EEVjaY,6On5O8bC,FqQ6TzCg,W9UWkykt
Oh9DX9aV,eFRGHijb,JQMjCbQg,kxHXOr99,1izF1DD1,jGLcU6tZ
t5IidtSb,o6tBj4KF,HgxktuSE,pkNwY6Td,evrQI0ZX,Wz9vYMxO
DsP6Ngh5,AEHdjj4q,iSyrG65B,1egB9YGD,Rc3jKJIV,VYYwpdyR
uH7spzc8,PYlOq4OC,xEfTXAUk,p0J034aI,JIzAGsct,eiUFiNZY
tI6iPJJl,JsWCtYfY,BmCnPgry,YurcZVPj,20Wy68Ij,0E6KO7Sv
1wTgCKeC,rgMfBzKs,nVHnwqnU,oGvruQP5,b6BiHsul,NyXZVdsH
BF0zqDnB,Dc7bRddZ,pysys0y0,zhjNoQvY,z4zlbkIh,qG4ECzFa
sto9yyYx,EaPcFWIS,ho0RN6LU,LffjkY5R,2Ari0eZn,FPWGxOen
kUHB6XTW,Rr4eoXRn,vHJaQ0sY,t2L19E7i,KDFLYG8r,OIzOcGEp
NP55meL2,zyaQ5RiZ,X6K3l07t,KKkrI714,oL4YqokO,Ho8NpbiS
r49LDs0l,vZvEhcBy,wghIKD8B,WNMYOAsi,o9HhJWpl,2HjQNnFP
ku4iUAbR,dfBikewA,l1JhNe2k,2e2laFvS,eDflVodW,VXsV7Zex
SUdLlo19,0R9lJyH1,wWSsoDGT,dDftVoj4,ZV9jQ48q,PijrvIhh
DTJQ1nix,WuQfzpqX,y1Cqp35T,lh41sNfx,20Cd1TQ5,MU5sr6QA
HbzR4CmO,yWMHYj4h,BaTyQ4Sd,Bt7GdNUE,k7JilRYT,Us4PBg6b
V8NjZlwl,kPqrPD3Z,LcHK6rQo,PHe6IC4x,J0z2PIP6,d39d86t0
OgqIA6Cg,UvzGJq9P,XSRNHBr1,1N3e2jsf,u1XXMaiA,9SGBLyrv
CCONJe0s,htygRbuW,AmjMFfhn,egHntBwZ,9BqCkl4z,pEsU18QK
1sGIWVvh,PaQGGlie,znWxSIl0,4J1OVh6P,ytnfShiT,eHa87vXl
UXKEBwvy,cmHwW3Cm,VfWImv3K,RePDtE7b,BRADSLUO,Kln1u4UH
4XLqFEms,OTQVoRaJ,CJqNvf0g,BCLSGdGo,OdFsRqSC,8433PorW
T6TYWq6f,yKw2vwvE,9jyf6vh2,cPcYA2QZ,y7v2YtUw,9Dxh6BhF
3SapieNZ,m6LpH9UQ,xh81AECk,kNcunS87,pUYB0aO5,GSblBRZZ
CTXeZdMn,w46zQFyW,gsRwa4mt,7L76nleB,XVOlICFG,SU5dOpjU
y5kNl1ea,HCyaoWsj,vscNOdXo,sOjEGp6F,REUZKpQN,c7EVQUn4
LNa5tSgW,xlIXrwEt,h1OjM92S,p63UUcNT,6e2OmVWK,VBp6U2UF
H0uxoy4m,pxTGN0lX,8SA6UdmX,9Z3pXiMa,cDBnxdk3,p3rg3qdM
MiUWh6LQ,sBGxRn9m,uguXS8Gj,uWQiWykO,j5YGJOo8,5IfwMjtz
RKxDfCZF,NaSIMtFd,JiVUQeBH,nHxRAsEn,YE6KCuAR,zsslMYJX
TSl8VdNV,orYQk4nH,f2SMScco,juaqZlQS,73MDtHmw,9s2RQx1P
jKqarXGm,FMQ1exr7,KG0CSNcZ,1AiHKl8O,bxFVRr8L,kVLfrzBt
rq0H1Lij,tM2FYORW,TPIGvW3c,pkdqJow1,xh2FWHGA,m5iTxBt5
r1RTKBZh,X3V3NE2t,W48wlPji,nFOsmwB1,D27EJECv,9665CqTp
nVxhpON7,lZ4I6BtD,knIIJfx3,YGcD7Bl5,jNRDjaMV,OwCxe9iM
0tZRR9Kz,EVoMAeax,ErSwcDLb,3eMTrJ7S,8vmpYheN,cDD8BoAm
IlSQVwZX,p94yKRcb,cRDcwiJX,cOPqwwZv,pBdNHcUS,23mgfTb9
FFsW4N2V,xXFFYQWv,aF1pxUoD,p6HdBZHM,FC0yn9cl,4Hb1uL9R
XoieDVvF,SagsMLCr,3Z9q0VMz,cwYnUyhi,fURLH6yB,KxZGrf7i
4ji1XLzp,HRTFsA4h,JKL5QytN,aoevATjd,3Jwo89ZU,k67MePTn
3Opq56aT,x48TS8iU,d9gAsX8X,mr0vnfK4,fmBoI0qt,68PmFcRi
ctbmhqvM,uitaoIcS,9rH5Kgpn,Pun7b2rX,Zj5RntQN,u2TKEOoM
5dc0s3uI,OSfHg2vB,LNuMkmyi,Hq3bOXXj,sSeO6NC1,PQM0q1Du
6Qiu66eX,JvJxYLKg,tVsNyqa3,tfwD0enR,gSXFEdqb,9bjGzHrw
hYz3KoAf,UqnjnhjR,KZxkXRBE,2Fetq2aX,77MmzjWq,YTo7qGAY
KBEb7xhb,b4iZEwOm,ze4esCjM,YFAD0f7k,anOV9AL4,sJVTau6z
jiwzW837,Ukuu1ocB,M1JJT6SA,Yj0WLgKj,4HJrhWdS,Ux8F2XHx
fygcwHme,JbL621vd,xQLZMm8e,jgulfmDf,Z5S8Mzp4,hfs7mvfN
mCSy124I,yJaPFPkQ,Yq1oq3qJ,cIgyrDOG,clky2J4c,xr3TPnIR
keQSpqxb,kwclQ00z,jInlVG2G,a9sio48z,mB4VsNh4,F8c1MLnM
KEQ4KxyO,gGEYTPbf,fi4NOEBK,7rUJqf5Z,IUReukoS,sy5OKwpA
rLK1ZC5z,OyiPOGhm,cSd53Jhu,rWaEjRnd,lUlDg5M8,NXmATbbE
jnmWlawh,RKwdGxhL,U9DXlVat,V7EgJSlQ,wijataHs,FQhklOQO
9aAVVFsd,SmwPB6mQ,W9RpCSDk,oOTcPvB5,OTGOwcHT,sZwzWcrY
jJWwXnrV,UKla0UvD,ajf0Ycgp,flGkXuba,0Q20lHQ0,fXJLJzOy
Gjj32oF2,DV18UXZq,SIj11hcC,uTk8gfTr,vXQYGeuC,5R8ee27B
CHWD7kWN,0NbZIEe9,m9rzZJ7n,4i1tNzsh,gdA8GZwe,y2cM7ERg
30aTQ05M,3CZ2ax7K,sFbkjB0e,t6Cijovx,m8mxPzmi,WQxUUD7d
ArENkOYl,PLMEc2gu,iYIqeQS1,XlIfGqYh,mMyH8jDX,cULlWCV2
RdkZn40L,XabCJ7TS,B9bYkOkc,m2brnxKw,d2FhR8RR,VNwLmPmc
9miyRGyK,HfSBD3dd,DF333MUe,h537UYyE,rQ4CpwIu,jpXN2G1B
LVpz3mdh,ByYVZYPT,jFefsJZY,VCuJsoye,ZiV5F3HT,3POb3Mgs
BiV840sR,qJnu7Yro,NgaKamY5,BS5jsjDK,iOfaD3zO,u22Za0JS
lqkddXDZ,N4cTNPx5,AgBqq1xb,Jijq0Qnx,3kMlpc1P,fbxZ2XIQ
L7LPQttB,p7YmBlV2,EGHflQnC,TjKoYYwR,SSiItwaE,uObvSf8J
NEcSBFBE,lB81h69r,7UgLuwuj,v6Ap0yKK,zJQRrg70,24hugs9c
SRzs5OWg,jcpz1RLj,LegRgUgS,tgnDBrOd,glnTIRd1,ptN8u56P
QInylxtq,kKFOHZow,eDcdsKiS,Ep2BcolF,RzxSi2xD,afQi6IXS
8wlbGM1n,Y0IjLa4w,pSrAtfaj,JEU869m3,J3crvExK,H496TqaC
kDI7UetH,IcuEwoEF,DFbMzwW2,9hwK8B4B,wJLrGa2U,Fmnh6x6e
D9X8znP5,z9KdGmDi,spWAkAnU,aashFonj,maAdnncz,26wWvXDP
4CfDSwTM,T6PSLGLN,IPxVnMNR,WYbppYU8,nf7gNjG7,ihu00HuX
liPjNRgM,mXXiruDP,lD1Lgndi,Zbm3S8c0,ntbCbqdQ,D0spBE4a
hs4LkqsZ,MwPNXqpA,jWrHEyjf,HyR37bIv,kXYtAle6,pE4k7Wlr
N5QwgaDb,WHATEEid,iiSMeh3W,MsrNgd2g,OBzduSgH,FFu0rTpy
18eubPT6,4ruARiqb,VERRNgaF,AhZT7ZRa,LeGsX8Vz,MeLQgZ9P
M1UseamT,Ouh7e85e,KIbn5tYC,O34kCuGn,kSDac921,AHyDFi4p
v8eeFPL0,Nqrc1WdA,TKtQtz3Y,vCIO9YLZ,PRG4tJxi,h1NXoDnP
rL4JiaJK,cpTIKSQ5,3l48HUH7,v7NNFQhn,Hnadl9HQ,zKjWAclJ
0yZRu6Ew,EERmlPw7,wIQs8Xo4,1rjfflSd,3o0l8HfN,Smqe5Ghp
u5wKbKM1,qr6Yku86,vtYuAhXX,7Tb2xzXG,fGYV0fYT,cXM9foWZ
9b6eId8Q,UVj6JQoJ,51lSG0Qw,XftOz1YP,inw2oSwk,KGuIG00e
KjArF398,BWSSkNCR,N13JAB1O,cN8cHmvi,FVlE16Fd,PlU3xUGI
D91olwy7,sM8g3nAw,kh1tXymb,DByu6kO3,Wa8RV3mh,OlA4e0Ng
hEPdG2wb,jYBsz3pK,86Ge337D,GHV380wz,aTINZdWf,l27y1Jnv
z0Llzm69,klEzNwdq,pLUOsqAV,hjdfCm9L,a9cjS8dd,PRSdlKA0
TgTBUDSZ,JVZw6HM5,z50Y2LsB,9m4frxxs,2klzeFFX,Ss117fs6
I9QOCVyo,f4dMNowB,kghgdaIi,GeeXp0bs,IK0uySq9,Y3yeDuUn
7L0EqCok,UjLuC4Z5,WsQWU7kU,AlocM01F,wqT7XqIy,MeYvZmiH
LJdVz4jV,4yOqObg5,Gxuf2SXm,Wy0JkAMm,UOcu7UoU,5tcO6wJ4
d0QBr57w,6LtWKOHo,r7L3Lpoy,BbPPiudj,auQ2B4dY,F6fEBPOq
lZaRjT0V,RrBAmQhf,0iabfsXm,urU5yx4K,VAvqGUJV,TjEkZF3p
mXwnuXaj,00t0Qve3,inY80cKC,xiqMJyQS,EdRAHTBl,2Bdvf5GD
eQatTva7,bICniShL,DWFyWC3H,28zEpTQd,MYyMH55b,rEBzJtjv
rWUUvV3p,QRguFQmA,Cso0dUaD,YYdH9r1r,ddthy5mV,qxLkAcmj
xyxPOdPH,wuCg8n7d,NYgQgPIe,STDkKkuG,UClRMHSK,OCGyTF01
esmn0Z6q,MzVtT15x,NgUm1hka,bJSfwfkw,YWPU85y9,JVCXfpq9
DB5WQe5Z,382xAdej,CRPjNCbb,4N4lCBHK,3B71QgKD,eUmCxLCb
A7UuiCun,VeAd7J3D,dMf00jSZ,QEgbomqV,u9yAm6oB,ySgyJmU2
nw9FKaRb,DkG3El4U,VxHau29W,EWhmyCDS,bnVhiWez,fkNfvkhj
6zN2ORCg,SWf3Wm1z,8xj78Rim,qibf1nuH,6drawAIz,uGQ1Qets
NDajxXeH,b0jp9DxF,kouU0Esu,vzKdyh6B,kf2Ig46C,ZS0XWOEZ
Ybs1ejZM,yRhJmHMo,ZY7HfUWI,YKDskplw,745rW04w,gLtRTxse
n7sOb6ZM,nYzbSuLP,fyO4ayHo,kpWuxI0P,0LSwtOFY,7B0jriJs
P5OkjeqO,Zq8TJhzk,rWaiIHb5,1xeTpMnb,rT8Osqo6,6iZ3lGGF
yTNE1Kjz,Xh5zJcGu,o5AMsyEw,tGqXZ44H,GhVZ2ccV,Ajn9LS5H
4Ai7Vi2x,Xzk8NMlz,MsrmL2pU,KO4aNzgu,W07e4dmy,mydXE81S
BuxEWXZD,qydkdEiw,uXGZh3Tl,9EZQ5iTW,4ETg8lz7,SZdLCcCs
ujorU0D6,pG2dDgh3,6C0UYsXz,v5Uw0xy7,BZwl2k2a,eqnCNGnr
S4d9dIKO,sZ592tqC,UT63pKxL,Rt37BmCm,CQlk78rE,tmhQPeeB
MOzuU3FZ,VTaSezWb,wafz6hSJ,vxEJJZ2Q,kThZ0S1m,zzM6qXIB
FE0qnbfi,Z5TeHJUr,rApBj9Xt,lCJT4XTl,lFGoaQrq,M0IbAdqP
SmFZBfPi,BFu00zfR,yXcHvydQ,gQpRCCME,SGr4LJ9H,7OlK46S7
qe7PjbfK,5weMPxiV,QeM0ofNQ,5dkymvJ4,sFvCGRWq,nO1Ad8IJ
m34KwQx7,CjqbObAm,9IhgA7iw,lNTiHAML,ihaPYXW3,Ow0zdfgv
KPOCW5Dm,5jXJ9ALz,c0icwlqj,efRxL96O,SOklTLwm,2hfvicnn
8zQu6NVK,HohiUdBe,Havs6T0M,yH68JGhc,AociA8Ly,vCCsTJiA
siHvTRSd,w9pJbzw6,0ZQ7quwX,QFGzgWT3,INHZqAE5,TwtDavL6
VctzDbjp,UoVfzpbf,6bArql9j,86jF9nwh,NuhH4y64,2QZXyAtH
mCwiaSyZ,fyevdOsn,CfIDyVYs,XswhNgZb,SAYq9U6A,0BZ6t1BI
zUz2UMoi,mojX7MO9,Mtq9h2do,t8fU451V,g2eJnq0X,XpReECa0
7Ay1Udb8,QOoTbc5t,IPtPuTpY,lxrsdfbk,BXCET8Gu,dDU1hZlD
yEKMIInq,TeZRRCoi,Q3pxsXPY,bccHEzMS,TPP2Jz0C,NTUgYw6j
R5csrCQS,518Md4q7,fiFSSisr,G379sjN9,yImae6W3,zcspARUG
SPd3n6WR,tl3Z2K7h,G2p3kLpQ,CawIQiiL,68mHxlXe,VYcQbTuP
5yJgsg89,ryafoPHt,iDCf4QAP,4qmqsMTN,tsZ1Pbk4,FAcb0Y0d
idMOCGOG,sHuGWOH1,RsGyk1OL,MZVpZfXl,0LPl1oFl,gQKFIwG5
q3eNmzmF,wYscUsE9,MAhgXUjh,zSjiqijN,dOEd1iGX,n2FzY0xj
zH6jjtR7,xyNeMSBt,4o4pyK3T,ba3RoS2b,fz3lDaN3,p8ybW7nf
Mhs1u4YS,LUkBC0WB,58ZcpGUj,cAuKY154,P6DGVYQp,3zNECdkm
mwIWhNWg,2A7ALUUw,T4AuPXPj,H6jcxE9f,tkQ77Pki,JqWjyBRs
q32MxglV,CJ5rqWdv,KNMoRluO,XHDueHKz,a4r0auRT,5zuelZrc
Z88bHVwP,cGrDH8Cs,drucyJVI,PVXVKaIr,ho2P94wY,1BxXnHuh
JA3D5gcs,yf3csb5w,kNFlb174,cXOaObUW,7D8NMwFT,Wvumhxzj
qCiQG2Qp,IflJbWsb,wJXLHi9m,orr7iE3g,no4sSMsK,Biz8Bxf5
J9Tw7EbI,SxAERN7s,abkAAmhv,cPWoPDZS,G4fi6xxY,jiEnoJXq
PhEcbrsT,xtI0kTNe,c2Ihy9Lg,VcdXYFzf,hphm4PDs,zuuON2SF
2CfM3XRx,ZH1eVw1y,QMTOYhaY,UowZyPbs,nwqyPlv1,MOA87HFG
tXBbX8gr,Nc0pNZ2L,sSpa4bN6,Ce5DDOLE,Su2xBy13,npSBnpIf
VOwXAik8,1DQ4zL8l,xoqE5vBH,JXayo5zc,r04lWPYP,2oU8xaN2
CWYm9pWz,YvQ4qI7Z,FKkQSuga,moDTpCzS,htlfKUqs,AnQTIMpa
xuai74Wo,TGvGjdUj,huvHspo2,kC0tfrCU,xKRCSz0D,DSsXwzxT
SwOTPBTC,eVRG50dN,pEjhxE6O,JbjrPSib,Aq963FId,EV5I60Xt
8RDgtEe7,DIkVl0u8,SRnyzUAt,d0ptbsvo,lonSNlpn,nYPMgkXo
lNr0pox1,40VjnSCq,hjsaIjoJ,6QAZvA4a,yzVZ6oNK,ktTN1LsQ
hZQ7zEJl,qd1Gl6Ud,CoM3J5HB,m1I7e11p,wWfUZ9Jv,UUa2HT3j
dAweezke,UUlWRQD8,v3jPHGJq,UP6Zd9A3,tUoEOTOY,qumF4yfF
XA6D4J2N,Ka9adSta,w1K4KBMa,IxzU9vTl,9xZLzu4f,WQLhtqbv
c3maVMvb,DjRgYNPU,M0WLZYxa,ZDGb5bBu,kFeinmKq,H6rgjtOR
6xiuPb81,R6nslIHP,Tm9bZq6T,FDmVYOMX,kYenCtFv,GBqkFWJ0
JbrtDaTI,RBhOQ2YZ,WN4ekt5M,idSVoWvj,RWWXqQIt,md6FDcSy
JAkxb1tP,0i7iXDUO,Ljpux0WK,p0uA7VZi,saUzy7d6,ZoklIjv8
1yCUHUif,SSNa31E3,yDzijWXb,kYy8GVac,1S7xrjlM,IPifLa3o
3TB2QZme,4pHC9sgY,GKk7LDGO,BwLxZQCL,22k9l45Y,2uG97cnI
wE9bwPU9,WftcTCvE,qE3qLf4l,IDOfgdik,WTYYrTaB,pZc74yxG
ydgVjAvN,aM98hKKj,bvRtRItQ,O2X0DuCv,fefpfAbC,374HBHBN
HXysobX4,qdu3mdTd,vwVNG63Y,6eLTugdq,vG0BJckg,l7sxzobu
O1mACWN9,WIYhBmu8,LEL14Pdm,BcH4ZTdV,boUEMCNH,vJfFoKk1
rCE04kzM,czMZnrzj,4hT0cRRk,7eX1rjV0,2SpKUShA,1auZ5Cdk
6D3WDvpx,OgtGDZNV,sj4SDxRy,BqE4gk1p,nc2DOe3v,JblJwmkW
ymB4QhIo,m0LlTnIv,pNaMVCe7,nN8BCLSd,5s8cDn8I,azbIdb3Q
QidEjcq0,AK0obBAj,JsSqb8RG,aSHGQmWV,ooJoXDP1,LD0ideni
Pv9w3PJU,FV9DoBIc,US9yfx2s,RVNv1Wju,5XqzAmEy,KJ0kM8PW
Gt41n7LL,zKP8Mm3c,McAadKXP,GkHkCvP6,c25teTQA,dHmkw4qb
WXY0mPSg,VwAByXrc,krVCQi4r,FdeZj3Ny,QiEWDvqk,FOzXdTl7
Pgo9jnYV,PkEfrjfY,0YeY6gZu,0SgClhGB,kTSbxk1g,lgSw2nbV
veXykUNp,mEXBJDLm,FMOqr8Qx,Pv06sgqG,B53SgXFH,E9X1xVrn
jFYlLueC,A17sMy8g,jTewONpL,EJvtwU1c,LFoqkFfa,f2GYJwfK
TOFZc6IS,kx2DXPCx,FI5aTQ80,PyDYI25J,Wn8GkokY,vQT4gNHQ
j1NDAO8c,pIwK0RdD,WHYjjCac,5zgcmHZ7,dyEOCwuN,N2CSacbn
2BnQGoQZ,E2udBMtP,qDHCGp5w,fKrvv7sk,LtS5jBA2,M8wT8RuF
eFbpRYXF,UIdbxtOY,H5SzS7vI,9CNEC1Ch,tEFppAlL,xloVQH49
dM2N5Ojz,8lMIBpmG,33ZChLsb,9fUOdD0O,FnYu9lUu,BWW4zk9n
iDg3Pvat,jd1KRDsi,jpt993ef,Ycm1Oa83,dBkwyedk,HFdZ9MtI
qV5VsVtj,1EBn8V6O,yKS29h52,g8wZfuij,GGiZQZQN,N8NzY32W
y5oWfAwr,k26X4olH,89qcpvZV,H8X3OdOZ,e6Ow9T6f,OIr6GQr1
XCCk1AOJ,cB5M3aA3,WX8Q8SWy,Nsd0JfDj,xEPipO96,p2PHMsBM
gUXwTTsh,933lAYz1,qhdpqbKT,OoNB5W6U,ATwY2uHp,dmikprvl
or4olN9H,0fX7sINz,M1xin02S,vwbx9dem,bUyX1u49,GOxM0Jwq
cHxRIcmF,UmrYd4rj,btmoR0fj,WfEJ79Cf,myv8npKB,keMlJuI9
6JrB0CTj,PVgw9HPk,N2sSkYEU,oZ7J2xkM,DjjaHGvT,0FKK5vcq
XClz5xiU,Cdxg7vkz,ze8kbGuT,ApAJTy9a,xYLZVaEK,i6Xoj2HN
o0XenQwV,trCR7V0K,yqFkUpSa,6TPmghHx,fFnmmvWm,wb7es6yf
RL07uk3u,8hfzM3mT,wcru6Q9g,oXtfvL13,3A0YA4DF,2HuSfsPc
fjfDJlvi,VvGWDIHG,NvOyGBux,DhPib2Fz,UMRqpS3J,leytJ3J0
UcXM9fZd,Na3q7aXW,ZF5fHCid,AvbNa7qy,svIBkAtt,RwEjixQK
Mjj1iBe8,D86Goeqx,a0hHKFRz,4NYPvxsJ,sGW7EAol,TuSsTmQa
QqGZ3sJ0,SoHryTbC,dVWH3Spr,vcBTWx11,9jj0ShBH,kbXctmXb
hbMlKBok,6CP1LLlH,QwlJ1Jyb,kXlOJ5ni,HMVnj4dF,kfMDwiBr
L0nWntGw,sOXYMcFe,b1lf24zh,88UbWTFT,hxIwARFE,iS48fgIG
TEX578iY,9Ck8w4Vz,k0vLAyzL,mevhYbAr,JpumfZTu,LLGyBdsV
dfXFhrxH,xS1WytWE,8ZlK4eBP,PpSAnfM8,b6GlFNUc,bRY4vlpn
bwUmpf5r,AV32mUWA,iMI1cpDU,17FdOzw2,YCfvhzYY,XZDLkzEt
13SEFQbC,AEylo9ji,OdIuBtCr,0bwg3XNi,Uv8avWhT,iJWsTzFO
tq83DCdl,IwmeUos8,WNIS4WJg,zbbOpVwP,ChjAjbxT,7XEZjArs
3htKKkWo,6x6IJC8c,Ds24AUuo,4g0SOedn,6O6hkIl2,l8L1GrhI
a195uiCy,tF6fODGq,3Jb5kHca,Buxj0OXJ,AWPxo4uj,8Wscndtx
vwObFnYC,HS8Morys,3MNoT2G5,67Yubg5i,kEmlsGh4,mAhS75k9
iRPgmMZe,EyOpzbzr,nl3c2Sj0,pjYgU479,lfQXjPra,o59GyI4z
WBu2V4V5,WebQFqkX,wVg45x7V,xT8ufkhP,Sv8og0HF,Ghm4JEA5
EtqEtRg0,ZsCyx8Wl,FFyuGhKE,rey1JLMd,zmOJ0bS0,edFJe2cO
DUWuFl7O,6e5brOPF,6i6URSzL,pymjkMPW,96OQcPxF,4eV4eEh6
W0tyRH9P,GnAfc25e,8tI40MtY,PHzMLoc4,z3zgiX4z,ikVcXkEB
xvy7WTLH,lwRRBBpm,9Km1V3TB,xC7i65Vh,dgGxaua7,W7xF884g
xBLNMgE3,xXpa6Otd,a4Ev2b9y,mLXSeUfr,OWEbQtZ4,gTTBljpF
vtPsarmb,DUbXlr6c,JHFTXw76,GyGQOFvj,UOw7EjPj,2zFqH9N0
8qNTmrkv,Qm0ikFBi,RYA9gPiv,IZDLhlwU,L0JUKdjE,eax0rze4
MF7YYWJh,70nY9cl4,ZF8ceFj7,evZk4jNA,cV4aafX4,0Cz0xger
Tjba03QO,XPcg8UFX,cVVib1Hf,PIuPyoDr,ba6WetpY,UCGtWYFp
O6FRLrHD,qAnhmMaj,DUl6Ciqi,iaM7YXPZ,BnnwtiCa,5IEwujjo
A8qdVT6u,5DrVceAt,jFaivJ08,rY7RHisa,umEfjKnl,v8r55fzQ
VX99NhpX,PKTR58RO,TfM6b0wt,brAIcd7O,u9jetDTU,7a0DP95p
7Aure8Kz,YOZWIlej,FFLaRTCL,QhUH3jxN,MXX0T6AW,I56B3pa3
eQopvOAE,QBji1hR7,E96eOE6T,ikd4f5Im,6JKu73Vi,z6Js1nVa
rEFsLrKr,zydkaqIT,CPaNswgY,7DHBfuBw,goNrTAaV,zMpvQLak
KNB4V80O,Mwr7vOQt,I79uwilw,ht7eq1Qd,RxyXJRC5,fU1HFfYs
e4BzIfe6,D1sUri1Z,nMQpY4Hn,FEZjLI3d,ORjfwyk9,Gwgu3VtQ
3xy7syDn,8jOzNeRx,WB2ueR3l,iMD9QtKs,7dNuTRs2,iVYwlaq5
ta9P2hAs,ZN9iZG4Y,e6lP9oDh,lNDt4uGW,HdAgBGPe,F5cDrcPm
DXb7tgem,aTFCwtkI,Kl1gATkG,67K4c5N7,VKQAU36U,SOG8kEgG
LyQcWT3i,fuCCX0xV,lfGB0D4e,p9g1J4P9,FmlI9HUE,QtNnub6D
YvULc499,GSYAQBCJ,uSCvyzYi,424Qjtwk,u7CFXZK6,LUWjTFAD
Q7J9yWQI,4FHan9Py,q9Ui5v1e,YDLnH27a,9e1D8Pux,tFmxkuBb
pGwchw78,rGlyHI1q,snuGzABU,NIlpUw0t,S5SrIpkr,1GceG2JY
Oq7IDEmg,z5j5bCRs,kyR3VIdw,wlEkEh9o,LhmUCvFd,VMzOyAIs
cQPixhGO,MQp6AU14,oDgHBC1n,9cpPLwX6,gayLpTO5,f56PabZU
5ayyFgce,GKjJu4Wu,KVsIIzTS,eJcaWwdW,fllA41Rn,QcJeNDmh
NWY48XbN,wBiaAS3T,PRFdWLfK,SDbkGcp6,h35xyTAD,sBxRTYO8
dTDTfcT5,5xHBEYc9,KoUla82i,oeIvnulL,aZ7wuQHk,ZZiPaLb6
C6yP0dj6,jQGw9DUb,Y9T0uyB2,2wxTad7H,8LNu3mxS,k24mWACx
csCHlIMA,pVH1UjAl,cXtqqUb3,VNWQmnq4,opl780JL,hMHpALMb
3LdempWZ,NJzHSN0o,Gqt4QJNI,XQaotIC4,j7dVlimI,jSIF2526
kSSaA8R8,lsy8eGaK,PhknqEFo,lMsRHbD3,IXxS4rCd,0m54LTJ9
9afqGfbV,z7WMybuK,dhxK74In,B7Yf2PE6,ZwKedcoY,RR8gLQ4I
C1MhGlVo,9DdEU4zx,aRQM8JI1,R3uuYSd4,53p9D6I9,OqrQJTsh
lkDhG1mq,JJlRuQbW,fcDiU4Ms,jafPjt57,ERUL9WPD,JKhGL3TM
yOj9ICac,4LyEsvSP,GFXUhKBP,xGbC5Jne,K7yTI9Wy,rfijpeQa
mmzq8E8y,iOTzwj95,ZTmMIAaA,m4LJ3s4t,hS68HHuO,hoFXy0m2
Ekl872kx,03gKiS7c,i7yEardq,QNfBh7ul,lRijT6wO,VIhJJhuI
41R2bObT,o5npSFBg,WB96DOj7,GadcvUT0,VdMbaTfh,YFwXNzzK
BQKmGZQ8,Z77uyQOI,8bj51Bcy,V3ok27bY,8QqPeVrn,1rRFdoHn
Vu0XVhmK,UFqaITL8,GFusMpen,c4Xus20M,nVfpF3rF,CWlCKl0X
0eCQe26I,cjIdDKO1,moReoVCu,S5oATCDQ,L2CqfHke,Rnivqg30
ao8yeBBO,p7ZfJgtR,zZt5UndG,UB7kOS8y,8CLo8UrU,BSeRFZWR
tgX0aijf,CpRwjcYr,I6nYTjKv,3iXrgHHH,U8I84kMo,tmehTCjj
GSdrfObi,r7U9OWGa,Fs724710,uIttlH4m,MXHhKz4U,XQzanslx
NuGgWLrm,d6fRXpPO,fEWEMJwk,PmFVpvmo,SMaae70C,hFDeNAL7
mTnz0T3y,ci0fflOr,uoKaQhcd,YH1a65Rg,GcrdlYSQ,UXZfLoxh
2Od0bo7q,v21qcpMO,yUAm4wCH,gN2vwZqy,FRaAoX08,xBXjGHf9
aYarUAsi,oThwgDFD,iWQ6c4un,WrTIeiYw,pn178Ly1,SvN8Kfpc
FhZR9lRY,NqLEKYKO,h5dZvEwz,O5hh7Htc,3XH5kOqA,K8PS8CSs
S6xpJMwv,ux4r2IaZ,VUJIExzd,KsjZ8cuf,kyGZcUSM,jhI7V6k9
UVD4Xp6L,KIqlVqWe,2go5Grfi,cttBKHe8,M7cRwTWV,XywwwUG3
urmUUdi6,FtARr9yt,HLvXw0qP,eBpEvpUU,Oj5VjDff,3HVCBhWk
WL1o6fki,tyuEmTSG,3wre0qfW,3qpuTmJh,jtVVJwsJ,DbjKVops
FB8lULSI,CPyvxFuL,hVlsEp77,gbfdg1Lk,OSdGAZx1,KWodCAlT
L2DVXr6w,kDhz2u8t,e47vs8sy,B4N8ssAE,K6Fdhoul,xtzNHsZI
osGYx4TG,7t1Tm6sN,hCYgn6zP,9MKnQqgw,BOvur4fn,6br6kqEB
h5SKlcI2,IssE85B4,yizUq05a,5FL6G2cn,GfEFtOZY,dRRrdEgz
Xp6LpXMY,INl9WOwt,NDGCeesG,MQAt8NbN,L4xwihxN,QheFTaVu
Yt6wHb5U,IgraGwFZ,kg5OkTB2,fqMhRTDx,B276oheq,cu2DXLn6
xzmky27u,JfOeriMr,MjGJJRUn,yrcIl4rB,EMGk440o,oLHqgOQl
LFuINLB0,j7gCR54O,A0cpIbxb,K32RtcBr,peaEMlbW,Zes0kXR1
RU0QwWrd,k8LKNDLM,qT60d1qz,Vz8X3cnQ,MQUeMONz,ywMRTxP9
1LGKRth1,6OrmF5Tq,kf7dCVI8,oFJSW6JY,6zZFOUXY,o5Ccv1SR
o6XdvajA,N6zCWyMM,k1KwHKYt,j3lTUfma,ru4wvf2s,OZe9yI6I
nluzivOA,Aj8V0ONj,enSxntVL,oB5HtQej,ICm7fUmI,xvjZMY0X
ZaJg2zDk,Dux3f2l4,0SzQ8oOm,VKSyrCKP,4mv5Fomv,zQ1qYTgw
DzM73SpV,sF40ZkCQ,0iipkJMu,pvFeqeES,rwnuMfCD,1aAivGe7
aScMNQkL,wB2JNvXU,o1JqtVi5,klzRDYWR,gmGUAdCO,CnbudUgv
RcVcKGhW,EXamMSyl,vTE3xbNE,VZpZYL7y,iabqfG0y,xLZP8N9G
83anIVzW,1TQDtFTH,vCqJNvhc,3G85T7eT,ICHY7BKM,TmoxhffD
gru794zr,ZIHalHWK,QQpcSXjb,ejjkfHas,Q50x5P3e,GNrHPlmX
B3eIDWH3,B513lLXK,qtsoshVo,pGsom7wj,eKmAgKhU,YBogzBJZ
YbHzUwIh,RoUWEuUK,GHkjwHJ5,PNF3xU2y,P0t9MaGq,Bh5ReIIK
dbyK2kii,3J9qrRXn,sMvXfTDH,b2tAN3br,JPrsjJur,OfXlfN54
RhxfGRDf,ZYlvCIiX,iMbToN5o,bwqqotC4,yCWnRE72,lMLhUSh4
sexBX509,xhqEtT9d,PLpBqwms,lD1WGP0I,wEXTIYKB,eidzCBwn
6eamBZ8J,yRl5hwMC,HZwlrqV4,1f5OgATb,A3aYNUBH,6zSHtFIb
7YgOIJuQ,FlmjpTaF,sFUSzHJg,7DpEH5fY,lnY939Jv,VtQiFqdr
G6NSEyh6,5QGduNJ0,l9LMjg2U,yI8wcrIH,XSeMRcpV,R25MSFdD
9VYdwe7i,7iPLOLb2,alXXkI1j,fBaR39v4,dSIPUTur,q9u3qECw
uOjTXS2E,7cUXUXdB,C9uUUO3T,tL1BTpPC,Lt5slV59,pdTozg21
NYfsx8RB,wzDk2FaE,7nJsaIvB,OfbGMP8w,BrukYoJ1,HDtbvJTK
fjejqVPt,gXUNRJgj,8uwy2w95,Xt2VLJyN,Q007lu5b,uuPZWlnW
X47tzalG,pu5LeeMR,nBCywcxw,xjXorBMP,aeHYsXo2,WXHxSClg
Zs93bZpn,I3xuBMFD,Qci5TPSF,YEHHvOfc,uaWo0K5p,t9rlentl
ImUlZ5pn,z53qXLTh,CTiNfcm6,XPh5EXPP,wQec58QA,l0N40Wdd
1RkxbyKs,PWJ5tcuw,AKiXJdPU,KcXIQMbw,QN1Poi03,rVChuBm5
OKYpfXp6,SGEnogm5,IQJokqJ3,6omX5uRk,jMka7Lxl,T9owMlqp
UpT6VTYg,uNR7qIkl,14PE0Kjb,lYNC2lGg,nW97RB0n,ZVYczdqh
IWgsuC6U,huS7UEGi,bnWKNVHQ,VnbH3KUU,wIdyw6HC,Gx0JwdIQ
dRWtFAzD,RqapsbZz,V1D77ma8,4hpqWmTb,06WvH7x2,10RBGmdn
g3qiF35m,4nULEhhz,Ktdy19md,4dlBeKHd,x3HhQuCr,F0AhDF8U
9CtzRDlX,34NwWyD2,vENzq0sI,soG001jw,tzUi0OQg,WWbB80A2
X5eIhjUq,BD7TJJq8,o0djwuJv,29T1BFbx,lS661zTw,PrI94LEI
v2VI1PDl,HcDHgXMp,m3ijkihz,DuLPhL33,q8GTuKjC,okDBpJG9
i4mfZRnQ,UuwV3ZN8,E5PTATsV,465nBE46,ou6lu5JE,idwzEjzy
Haz9btFg,eSw5Jyso,DArvHZUv,iQ1E1neD,9AY0ULWU,F28Yo54w
RU2k9A4E,JX6WNO3u,q7Om2PF0,oa0gqPr1,hIy9pN0Z,FbHHWZMp
XyJPkPIE,oJrhIRqH,2dTGgTG5,wByhN3om,jyXz31ce,zofJ94uW
LtRyrhjc,cPMgoAyh,eimLEPoo,dZk8Dbrk,zJzr05R8,eiS22dt8
9lsLbUDx,lIW0DBRa,RTPmMyyj,0TRyWYjd,WWVhugp5,gdxH9IXz
54AKkz9f,2znNEhxh,PFEdwBqr,BBLLTgn2,Qo0FfAG3,qyqvzGdE
BAuUBSBu,SfnWPALd,EljqLxq9,CQFe2cNC,KupUixQW,BJ5hoxuO
fP2hSJEC,ZHh83d4R,tFC176g9,ExZ2D9nw,aMD13mtq,mMrUjZlD
DdhDXMRv,0jAsRvKa,b5qhnTM4,xnMHurDn,0NrD2PVV,afypyM6U
aapi8mt6,T9UuL1Zk,0wHPWdbE,mAHmOxsh,HggLLFda,2RL35IuD
B8lpHatc,aXiPEqWJ,tGOxEiii,AWgZAU92,F11NvECD,e9cG7dyh
ddL2d30k,GWQbDK7l,7uun5d0l,cp1cu5wg,ofOs8qR8,oe6LdjQM
Ly7XXvvu,hWYAbJhi,LKSRD22v,6XqCQfrR,u4fo0dHu,v5py3qIV
0DETqNQU,464zlpFu,Bm6kJFAK,sbj5xrWi,oTfnatMB,3BglBSgs
eQlkk6FL,0RIwrZnu,qj0zY1W2,nKJXSFDJ,UcpyN8VQ,9onl83tF
dY2NMDyM,5cBHNyUy,ZAXxAqjH,eKiFoNjJ,3LwwSQ0e,lWwPa2sx
Qp5Xc7Tn,Xkdouu1u,hWVnSFSU,fRiuoxpD,v5wK8aHw,BEO8KLZ8
WUU0b3CX,hWTQZ5GT,lz2xrXeo,umbvFPn7,MNF6H5um,o4D7GSYB
JYEGrHmJ,CWMp5kjz,BLpPTAnk,zNya3D9d,uH3zWfyr,5v8n7082
oThFcxN0,NNl0Az4W,ZS1sc9sK,L9giOGNn,QI12UTSF,RICzhdgP
me7ddQR9,ZRd0uphA,VNMdQxLh,eViRCVvn,ZzbJm6T5,5NnBl9qK
0u6hW77E,Mr4p19uI,9wAHLhQ4,wOuBn5We,k7g0jtD4,RxaE4Cwy
Odprq38u,PbTQmvdD,bXTYSYWa,bqceFmjb,1f4N32kU,XqBGOgJB
JRPSvf7W,tLL8I6Da,PsCvHfPw,0o14qeiG,jVI7vTDe,Kkfp3pk9
j2VuZ70p,0UAEiLaX,PYSQlPWS,7sPNEdiG,3cjSr8MK,d7lFf0vG
wDK5zK1N,OmAeGp4u,UOdMZ2iu,eKIBt6ov,EpuRHq6l,RBicx2rS
yttDS0pr,WqXj5V68,Bg5vhKKM,fDkWu1FO,QPU6DwK9,X2Jddq7S
T5o9PW0U,kcSWzbkH,RXQdVYH0,mMJWQKzM,3NiHFKuZ,hZTmMEbl
KLYmeDHu,VrehbcfY,QLHAe7YE,Af9XOAN8,NpSZLbp5,i8gjy3bV
MYnPjL6v,VpKtOegJ,mjyH5Med,PRv7msDS,LsP818ND,jp3T5MGL
qnpcYFg1,xANGj49V,Ht6NyrtL,6QHwQ1B3,PwVTaX8R,SUIrFbfI
nMtUhV9j,g87xoq1C,E0bz99oC,OBMNPcTC,D2IMagiC,9j5iyipR
yW3AZx03,iHuRwsi3,z25snkxu,sjmjkNMu,o9yqCu53,9OhzXTf9
6reZEhSS,S3mAfvPN,u0B7k7uz,ZzuvNvFy,iflXNMRq,kMEKSU2l
8XajPDuz,QrVKeGba,tWYALFzv,CwlwtiTo,vs2Z7G0E,TkV7tghc
RkHA1pQl,gWr4g0HN,mkw0QEn2,msMqbAaz,F7r4O0pV,rTKrcQLa
a2Kk5JoU,D6jJg9QP,ySULHGti,SH0TL0bW,QTb4ELga,Lqssg1OU
AhbSAZZO,PdTv3Sa5,l0XSov8G,eRX2d2j7,SfKPpYXX,Gn1wJ3ek
MfYWdQuC,8qwpzifT,X13Hapv4,WQbcFNvd,GJRmxaDu,GtntPZpM
lT5lOcIn,hPlcDFJd,hAf0aSJh,805OdRDA,l6aCYbTz,034DP3y0
isFKqCfQ,lL4vvDqD,NsEukFyA,CXeyLThV,7Z6k1NLV,UfYN47Wk
Sd6qMp1v,6TZyO53V,DGFzpZVu,ulcI995e,iCvB1O6e,6ryBgwyQ
ncMkm6uq,gPgRw4YD,MRax4Cop,XsK5m4s7,n3jYiZUs,jKi8DVdh
B3AtoXO6,bwvp42cp,MxvSHfIb,22LvGHqt,3SDyAN8B,VqszCJdx
K271F0jj,dqRiD0WC,2tYXSu1Y,B2bbr2XM,MobABqrH,5UnScs1b
V53zYcrG,UPuiQ1aV,OlQHLfzn,HcIxQURN,sRP2l58c,ngsenO5U
47BAlyMn,1NCrsZog,GkC9LBwH,9smdoGEe,juFKrVYQ,BoqktnPu
yuiicSA3,lX3ydi7y,4rJVVhFQ,AeCM2Dop,7MvumbcV,kB13eNxB
U9fova1F,kttNwJG3,bAsDdmXR,bctAgwY6,FjpOibnb,cNPVgyZp
Db2Kt2DH,lxNjUUqw,7RsP3JpW,KoFnZx4H,BW4HoWcA,4dJI91jw
GzYGH0qT,ZXPEzf9Y,aWuRlgzg,IqZHdJDq,wSNny4A8,VlWw5lxu
S2HcNZaY,nDQSHQen,H7pg2bSG,hvMaTDEz,NKAN7efC,oOiiRBcN
mp25MaSo,2gY5AJE8,i8msN5Oe,VjZJovDU,cBHhJCE4,iJJk23As
twGnV4yU,9X8MkRO6,4xCPX6ml,aWNIfT4X,s8Zru8Wn,yfArpTRs
ligciS7Z,GCSZTast,MsuuLsRI,YDeg8qs7,Ee62GWxU,YN4fRdw9
OLDfTJa1,uCirNxVB,1jTxGycD,26Pb1big,775OvqB4,zVdqGaoo
i55bhw7O,b0uQGNsJ,jD84EUta,n3OrZh4N,CRvFgAto,qDC9kjyn
d4HOa0CW,Swjhj5Pm,p6vqiQ2T,BKGATBhb,wEioem4G,LU2QetzF
QnjZWDK2,VNQ5OdS6,rcmjXmgb,xNCsHAXT,vF0IxCfG,iCVfwWaT
0VYz0tx6,pgyfo97c,fabFKgjq,qFITcbbP,yRD4ljyc,dfyao6ni
tY854QSF,7quFIzUS,iKaQ9UW4,rpiIfJuk,X42Qqr7d,8Mh76Joj
vsJW6Q9D,wCguVjH4,H1GNxNDO,Y6QJwMOa,qxvMqsvP,He2AOp3M
oH9bO9Jv,IqtFhcv0,xQoad6ur,eWMFbCYj,5UTJGmiT,d4RwaVuV
RJBhwIlK,WK4DHxqo,KEefnm3d,EBhM3w70,8VzeR1jX,WXty2dRy
SehYAI1X,6XJ3gdDR,HZSwFqbJ,YCipD5wG,69K3EyXI,FW4am7BW
gO02Purl,ptr90dIc,VOZJkDbp,KXPZeRQK,pYu5S3zy,aMnoyDGC
kmFhax6r,OFHks3fQ,n7bhKdrF,nnW9p30h,B8GS2lrN,PjMkPCT1
aXSzn6mu,KDZBPOkS,obOupeaI,OJmqxpf6,H4IMzylx,67p0W4Zr
eOvXNB7L,xFFtYSnx,a3jpocDi,TokkIzI9,j8CjhWgZ,q2Cevr2c
D0nlG25t,jhsXKi1r,MGykmOOh,OeZnSnQn,NzhccHuZ,sQ1rs4Zz
X2wk01AA,u4dthAyY,o2D0QpeC,8hTrAuoT,2QGnnpxs,Pmhl5vZn
NEaB8o2K,C5x8VoQ9,uWix3Cnz,lX6EQu3L,jhBbafeV,gXLiE9iL
1PNp4t5k,2hLiNFzR,stftIty8,ARJzZw4A,A9Nkery5,FNBE0WjB
eKKyDY7S,JzWbXOUc,b6RDlRmM,wNoRUb2r,l7A0GFMr,wsEmFO3x
A6NBgS3K,tN1fVAat,G0JW72QC,Byp8sbw5,UjPmn229,7h7sSsvk
gWSy4pQR,zDjepPuv,5iUmlb99,ORQX8C5u,73iz3ATb,FwxNLFQl
o9jlZfs0,JhYFHC9t,L19GCqij,h2igOZ4J,mXsNgnBU,PGY3XubZ
jk3MF5ks,5kQDQqEa,c47ToSTF,E2BBaYDd,KEfpRKpu,Ubfl73GM
Q0SZvzkI,fhY35fMW,AqQZo98R,nD8Iy7Dg,26tB1fMF,2bJ7UH9z
OxNKShE4,bey65PYj,u1NKzVA6,wI0CAmxs,ePHNhD7V,2dr59moX
x1m5QUpH,M1exj4UZ,3b5QPNx7,HJBjsUos,erB683L1,2l2zsULQ
H64cOirJ,osHZqHCI,nx21o5Mr,3OVW582j,aLcFt4rL,gD8xQPgS
RehVlsXU,zhRjlRGm,J21s3PgL,kG14jCtd,gN8VtVvj,P1LkjkDn
C3jiVi9T,n4xJ6Nj5,77EQ6Fqm,5JgEuL7L,oOXydAnG,bQZm1IJW
t2AEGb9E,yi4GXQsk,mPnx64co,f58rwRVm,XhWIQu7C,xTRq9EiA
POHidqAX,FRwPnoNN,W8aavCKf,hKf22q9K,zlD2Rk0n,WOVBVKFM
o93JJMJc,wpxTIV2R,TOv18zK3,cKQKPoTn,1NH5vfOK,TP26DgOK
y0ERLddx,Yc1Uv0G4,8gGLukOp,adJO6tZb,689EqrU5,3ADkvV3S
zVrELBHh,hhE3Vi7h,A4QGW15n,HMe837La,Ccpk2CDP,n01uk7xd
MX2TEFLK,bQlD2rQj,BsUSMEsP,H9Fbnd71,jqVHCfVc,Ovi0GeRy
uBG2borT,BgQSQpHk,IMRsrZn3,7sdA9s8F,zR0tIJFv,lZI68XYt
esIITsNk,KddePMmY,UcAzsiYI,wti9K5TP,nTvQcTA3,Gv4YEvWl
sCw80vWG,GSTyK6zP,FFrmYEYP,Kwdw23JF,UHAbSJPj,poc4yAwX
xbcau0bw,oORNHt6m,ueXLGWxe,nBnO6ox6,v5vBs7VD,7XyNkfXn
tEhM17Gb,3DNXv55w,vdk7Ajcu,F5V3HzAG,ePp4NfEl,sEIHhv3p
KdXWOV0z,sfkXPVe6,1oy7JNy0,8Z34rvbn,C62zOqC3,KbHnDUdc
S7jco4pt,rZPn4y3G,0IlAzGFs,jOsaw8ON,ewbJSDG5,TGjzbKNm
3U98TSUs,PzmUfKIY,mF2e1aFF,rcJzFH7Q,H6aElUdD,cAcuDrUC
8680GEmi,Q47oiB0r,CvZBJ5p8,cKSScxw8,iffAmcyO,HpEto6Qe
MqHvUVsu,xUGrVS9m,0oam6o7X,0ZYQg1YU,j00gdKo9,SlUr7bkG
QaTsR8qa,lqIcH1oG,GClqEv6m,A8NAEIkl,XmtuSjyt,rnZQxctG
rGYwIQbq,THCLMMSj,dadE87js,t2weJAeZ,PnXsbQfR,L3uVgDou
TrCGG3ZO,ir5pDGZB,0VrL5mEH,390CkhjW,QZXXWthw,CHOR5vvm
Mia9l0UE,J3H3dCV0,4COQWuz4,ED3DONU6,2tz5zG2D,Iq4zsPMo
Mh5nrswT,qh2DR4Wf,S9k3ljiX,lSGUW6P4,PnDXG0LJ,W2mCPJn5
TLt7gMlk,FTD1vgKk,5KgoOD8L,UlhnahC3,igAcxez2,mOcwcog9
RIwZoBu6,cHXscDC8,qwDSB4ub,krZzSp4S,zZxYfgfw,w2JFcfqJ
zAV3qSqe,E12ve6or,t7ZMEfmk,fu13VfYJ,rCmVJfyi,SA9XgCop
k1kVRKwG,YI1cHVeZ,Mlia9hUo,rATh6Tts,a05dpK5U,Uft2mv3e
dVkY7bAC,I1xYsUVo,LphMwlVD,JgKxY6fm,2S8usOga,M3NCpkcw
Y4BxemsB,RkYaJq7f,LzDzCyXz,FWhYFlxc,t49zo7If,Q6qWW8M9
TozmsxvQ,i4O7HzKs,ohl2fZBo,HnRZgJmy,xrv9CxZZ,vyOYfQd9
fRAyeRLY,Th1HJq4D,86ot6KSd,sTxSLCEu,L4bVEqqB,hwvCz3mH
8dI7K7l3,0woOgzos,KXhSJLty,tF1nr83T,H1A23NFg,6LkOAQcu
5CDlwSmT,by83M7KC,vTIxXbfi,2vzRBk6Y,W5OprF4Q,Yer9TISW
BB2dQZfL,8Jtc0QiK,hBDiel5C,31v49TJk,1PigleuN,Y6ucXvWy
hqzNRtov,9u5dzhLl,hxYxszce,dPLNTTmA,S1Oi9Y7c,ukA28rI0
uzkBADIc,lO8cfhyp,yqh7dupm,NgwouFM0,Plp1hg4n,NfUrxQhp
0wIlDAtx,qtSnB9Ih,Uu0VUEEA,kQNC1mNh,S0Xheg6p,7cZZ5Ikb
XZ3cIR0h,hJl8kegN,foX4pNZu,sr7Y42rM,p4hHnbR5,3mlfVFAR
embGnc6E,iLxNH2TX,0ZvYNK62,1YglrLcr,he0uLoDU,GotcuwHH
I1R1lcnM,gl30TvTZ,JrHJ7nxE,dO8gm8zX,8qsDurWZ,HYIfVlsM
iTqoAn68,XkKrwpii,ynJ1e5qn,e0HYMRY4,VhVHN0MR,DCZf2iFE
PpmBGEWj,I0rEqSzu,hNOWP2uG,qp4IrQFl,fwJIqads,LBVzSaDz
Wbd6hTr7,JmQRQ8l0,lyRTkT9R,BFKf4E1u,4q9q1Irp,WM66Cxsx
fzkg3V3l,4yc1TrVN,5HXc4TOC,7N9C4PaG,dYhJLF0r,dBetZYBN
5OLBMG9r,votzMcmp,saj4no6q,XrCBfcaA,XTD09GqR,z0XVOOsM
T3B5ykMY,3rLZ0mjL,ieaKTu6D,iRZXSv5s,8PQdTbTs,e0X6d6Cs
h7ER28DY,f1s04rFn,IyHsiljw,7vPonjPd,UQ1y8lbq,rZefNnQW
wQyE2pch,VA3ODZNY,7I2dXtFE,um30CCrn,GkVGPwEz,wOcvWyFz
sF7DFEcQ,9RXQ7Jcf,36LJj9rt,mqaAX84R,pkRoUiTa,hpcPtfL0
x5RlZVE5,0gfQb6r9,wiAfzcGs,TPs1VUyh,H5w8iDBp,7u7kcLCH
dJWr9L9J,PRGmvtCL,ItKwBW2Y,PKB7bSyz,cpHNabZU,E3zShODO
IO3tAhlR,ijRirykH,SbQiLXuQ,NYmwJOtK,JlToRORA,jmjvcv5g
G4vMyuWC,OKgvFv7o,ofsxYzVX,dfB35XRf,f4queGcd,fVC4Wrll
8rNKRnWb,I7pLfe4g,0fpXUL7B,e7vHSMku,qZQIF027,Mv7DOgXy
s6gMBdZv,exPMJzHJ,PByIF9z1,rqD6ZOyD,nwG79kje,r7C1Ddvi
ZV6XFi0X,cVO6G0fo,AjQ2xFeV,j50hy7k4,9nobuRHK,2fjtcYoR
UouyvLS0,WlhWvgrE,ELcwxkNa,P2Oe1vwd,WrXeWCPx,3oscWJ9u
GXRjrUmM,NyJ8CVlJ,PuQZnR5Z,vR2Wb87U,0wF2Q6wl,soaO3abc
we8BkxKe,fdx0lPwQ,O8mpsXSw,KlhR52mt,mWMnIQkN,oV4uxpaC
eCyEdRmI,6Us9K8Es,NjkulJNx,nutwib2X,Yd8kawlA,5lnErhzk
vdllFxJk,ZWcGkktv,JfAJh4m8,aasHQgKr,iOukCixU,YQnP4rkM
JXIdPo7N,1P0wYHQ7,hJij8vCT,c2efW2xa,L8uePTSV,CPLyTk82
78tt6jG7,NlItb6cT,9ufth0Ks,O9B3eXLO,k2fdj4hX,b9BCQJWI
XcAXeAzU,3vH3HjGX,kzldTNQk,ZUIHnw19,YltISnfD,TzCGNbld
X4fU81MX,sarktS8d,AtLW3gSN,in9LruwV,rtk7kRzd,Umcssb1V
DiRMJDLd,aQcia06m,A3V6n4Hh,yENfyUyA,fj9zkMMx,q7ova1mP
xDZyEV31,SoIjmlVD,c2QeAXck,twoSzJzO,vk5wQTAb,zIp5ef7F
bIdvdFKD,lmZ28dKx,mPI11ely,WmJMojXA,DNye07jM,gDkj86nO
pQVSZBy0,vGJJDg7H,HHRqkf5f,V4PPXmQj,YFgnV4jY,FcgXmSes
cbcmK3L2,IFmkM474,zsZ9WAMr,MeljtfvN,ZDkop22x,URWDPPqF
EFTGC51F,jDXMeuiO,0lVsAaLz,Hcrqo0OW,KTvjTgcu,p6AExJg5
5dFESVz2,ycHyzWZ7,GwA2yLJT,qExliCTW,SaCu4Gev,ui65UXAG
3YybygIR,bMNT4LWy,m40D2fH3,tiTo6zrd,2pEYzqdg,TEdkVla3
W6jX3bWi,DpDVulV0,aDaBoBRp,X67WN8bz,FBkMcCMG,qcxYmgMt
xJARTkpX,EZ94peJx,oAMZxbqf,cJvVZ7dS,ucDWQCsV,UATf87pX
7AFXDsuF,XbX07rag,BvIMmQ9m,JZoJ5gHn,8cJqL7fz,SMAeyizq
4uT5kbnn,OaAo5Pvb,bBwVpXkl,0PiZzj9h,M8g6PcYL,0WIyn7r1
eqbKkldp,0WG3rGBZ,GS9nMuXn,yk1Qo8PG,D8PT6yL6,lAbrdSpX
uzSWMlud,Uy0ZQQSq,71ZL2dtC,JiQeoPpf,0BH9OFcJ,UCtP3vx0
vw0C3tp6,RwQowL3F,xQarmxWV,RCk3P5rR,6CwHzFZy,XVLwTllK
PJTO9rgh,DnUX1HJn,qsINCyoJ,Q5QJlzoE,JXlrSCz3,TGWqdZv6
OcwaleOZ,xAdKcONA,c2S3udUt,oKx71m1p,4YcH8UFE,83qGZP1E
NwMphIQo,3RpnCei2,yDYrK0NE,eX14ojfQ,dnA1uoVE,ah6OrgKt
n5gTB7x2,pqhHL4i1,7bGnAuNq,04chL4gg,kanEmoi8,V1hygSBB
vGWtUPlw,qCn2xOwB,CWbWW8rX,5o61rQTl,0blf9fUr,kNt5PZfG
VkWNxbqO,UP5PPLLt,RAGU7xAS,gdxAG5pn,5NALh7kf,4Ly6TL3p
ZP7yGjEY,pKKfh3lV,KqAUQcYJ,Yr4rOsEy,1Xwu2u0t,tCU0W97T
R0GEdG0B,gdNgcibO,smCIgMaQ,rDGHtxYx,sCeQhALe,LpkYPuxo
9Tw9Uvhv,rfJ8AHYp,E3J5p4X1,ocaS4oaH,TRfKgvbj,UomOmJ4K
npd0KQBB,Ruuam7BB,BXrk0joa,fMpawgco,zsrFrtBn,X2PRO3v6
iWkW9hpT,XPIdRx7K,eivyRFR9,LHKWjmBw,F3y5BobI,oFhorhjK
9id5w6Q2,ufGs7z5l,SC4lBM8d,6qMz9WFP,cAb0Rh14,VjkzGeIV
4Ns59a4Z,5bmltMTX,AovxPTDR,NpAn66Wm,Sox1T905,2XlHBZYu
9VTbvVKx,U7enHJGN,GhSAVbrv,KL8D7IpV,pRBCaU4B,LdftFVqn
ARBbBXe9,gJIclqxh,BH8YW7YX,i1uMKQrV,M7zh4BmJ,rQ7GumpV
GavkZgxp,2t3f21Pd,JR7bAzTu,6o6kc9ND,YcVUQ2n1,yO0eZDrv
Cilt4QOe,0fpNnF0z,vN6awSbh,7lPaScDZ,E1XEUrFn,H7NBeK8G
KttZDSgq,x0Q5iqaV,iQILywds,BWsmTI7V,jD4hv33r,ufvUvB9a
S5ZTqlkU,h23WfoT9,A9FvjmDv,MSrb57gD,tq84TJqU,qDN26rhM
asohiuAN,R0H4YFsh,XZ8YJYrZ,NAENAr8I,DgrFBj4y,OwLPvQ8l
7HrazQoW,yYxLiJsM,Mf1RIsU3,5xcNzMqN,uuBDr65H,pkqCMhBU
14QBM40S,FV0rk5PJ,eJyMCyYM,xGZhjrod,tKTejVKT,LfLMetYt
MtzitWtO,nvPuX99d,N4oX23Nx,79QMlBH0,WOdF4sK7,Anow1tOi
dtbBxIjT,YHwz3977,fgAr3lbk,XynYqBMH,E53w2AuK,bT71mX5G
x79hVhty,961mM54L,AKGHL8ET,ez33n4dj,A3q8mXFR,X7szCS9Y
rDinbEiv,xl5u6yd1,NcFq5Tmv,MTEjXhKg,VCM6Sgrs,E2gn33Od
5bXVubL3,vAb2VoIL,66nM0ciP,Gh8iZikY,Ytnf2UA2,bl8pGBl5
CtQ0AdXZ,sxbjLdTn,9mPmu7VI,ngQenqbE,GqHAeUrb,VYfqOvJy
LtRERrTL,uBjDsPzB,MCocdjz6,EVBzkP8N,0QiJK2ZJ,ghkbYHup
0VIB1bmj,cnilNukP,13AeMhuB,FihwlXko,xeNCpxC9,YQB3PTQa
HNZT9jaH,nJb5gGzc,pkOEjJds,UccDuHrx,NG74pvCf,FGYOMBOp
tGq133EJ,PZdaZlxA,5PffLIOU,9LnWKzCc,MMX4GHEF,cCz3M2wo
zEoJvhHX,2nIDx2v5,zLtEzs5o,Wys0IDKW,42GW86g6,E867VE1z
N5lyGLJ0,kjHZ41vX,s588Oa5M,9YvREEt1,XaZjVOV5,ltiM4Fh9
rcc8ytRz,RAB29Rqz,gsHRj3iy,pE9A056n,WD41UcGU,kCvh5AUx
AOIwbKN4,szW9YSlj,I2PkfK7S,KmF46wOc,c78G30dE,BNTWLTf5
84HnS8ou,15e2qUxr,1i5Ru5Vh,JRvFZv3a,UlCfOrFa,4mnSASXR
gBQ8J7rp,kvP2qMyw,ZKDiOoDk,cJIasZGy,QyA8Y4Uq,QpvDo44J
ktKgZeEO,3mH8Hc4p,ddFzLElL,MH6HL4N7,fS7WtY3K,UiWX1f6c
mJYzObux,MVKF01tw,K1mWoz8n,T4Rqeiyt,1ULBz6Sk,TCmK6j44
xXyljuNg,3rlvIFBi,7l3dWWr6,3gLX8OS4,JFZnUuBN,ULzHIQ8o
TtwZ9hZJ,QQvX5qur,brpQGyBH,ECcDtCE0,WUV8Wm9J,PWpsAYw9
JKKw9emG,ilP4m9E2,hDqrcZo3,eWp9zk7q,fM4J7wF1,vA5RznAi
GCvI4edV,zRCjRNKa,eQRlYM4e,lkSsqecQ,k5AZvDTP,qoysl2th
TIF4ITGC,Lq0fFmMF,d0YQJKmU,DOHtr4rC,TbiIGUGG,ahP1T1XT
DrSzqUj2,cwWSJrgq,yZUJYTCX,fzAfVnmJ,kJh7orAW,Mij81G9S
RwHrlDR2,hCTv5Uz8,9rlbZ0Lm,R1YTKaXg,n3M6iHoM,SRSrQJQI
BdFW8uKh,flHci9wd,UxngQwre,hDDW3LD7,0khbIUsS,DIC2SiQ5
gjaAEW2u,prxR07NG,knEEqHNP,Z350oV0O,F9JsPWP3,wPS6sxxF
gFj4YnfM,WUJVE8nK,Kcfh9UAt,zKbKLDAp,BY9tEq1g,TjtPqueL
GtuMmM9c,W06LTYGZ,WLqN7YEZ,pDaOscy4,o96UqMcc,A5VJ9629
1NIAnm6a,PwjY14Yh,99KPJaMn,rf8f2IdH,5bvNzROX,5xEYzQFk
NzSJ4WVD,mVCeAUe3,HhQsEIt5,somLBfC6,fICiP0ou,7UKm9ATj
zYqCuk9k,BjRag56S,yPqm83a2,RNHmMe8w,3xhf522m,ARbBAstP
i9ENYTIr,bj9jVj17,WXcmpoSq,EwvnILqP,bOa0NpOt,vUvhp0Vo
HeRfNsiw,87WbU4Pc,OT6fFOKP,KOgkhNqT,2goZZJLZ,rS8qSOdS
fCcjgIB0,rtlVG1OH,7genV35W,3mO73qpH,qpI2gCYl,7ZmOaa4n
86axOiFQ,aMyTEMhg,Y8fshICr,Vu6IL8Cv,syqrA2ZN,BmfhSKxT
SXBhnMZ7,spwnUcwH,Bm2I7qsa,e6aCcG0g,2shQgJuV,FlZmAUWz
XvQJRRjZ,WO7i9NFP,SfgmTlGc,pKEqLaaU,x3c41GZ2,wSwZQQsz
eKYqHMv9,ec0Ugm8r,64sakgIK,m2VWmCuu,qxh3n1PO,XcUygSqI
A5v9Yw7G,zGkM74wC,bPzDe2Ld,om7D1Gpb,1too9rli,u3RPjkKS
2FtvnASs,YhuerVAJ,wHKWVJd7,7W8T2Nrw,3lj2XAar,k5DgE8Yd
rGXd6xD0,WwI94qMi,G5BVgc2E,5eWW45uy,qoPGUS9T,O4uVLa9v
3Zg3qv1Y,uTRsIJo5,ii5GzqIx,bjrFyXTo,fPtAAZHn,2L7vwhP4
4ZRvyDaA,1YJft2Zj,a8D1ZGwg,qnRDEu4J,wINukv2f,DTZY83AT
dNlArh2s,tU8Ql6Ts,fu4JsVxS,TidxyXis,BhxwNwkF,zPmBnpr4
k7oGaLXV,1vvu5BMy,LslfvTuB,ALa6gkbJ,pGqVVQGZ,XfXjq2th
AMDm2kLF,kFBw6Nzg,wJdTSySE,69f7HEHn,iIL4l8Tf,j2qIrWPJ
Ev5x7z75,NvNnkXXm,AeczPZP8,eEzIeulE,yswI98GT,SnJUm7mF
W7AmQJFi,g6I0Myuy,2Lh8Qsmm,w5Yn1pDX,d0lG8jnX,7TPVFoTU
N8jfAQN7,7bA1bmJB,CLEpxNg4,tFBrNZxw,Xoo6bzfc,mRJDY41q
Q1MhZW05,bTqbMo5L,0X7XNOiE,QTX269BX,xbNVaNMS,SRPqDIVe
4IZwVmjX,cDXEACDN,CdVlB3uA,Yot6UFOE,vV6Asc5X,sYdpw9Am
Uyod9EEK,g3BXYcP1,jqvnp4y8,Qt1wrOq8,lrcjpFp4,aCmvY9xw
d4p5spSx,K8ZDL6w7,uVpWESnq,54RGnJmV,9MEC49EI,dPiqNfCa
MnXGX1sj,Lf0hEtcP,i6dvHXrO,v4nckm6i,pnFPQKd7,KXfeWSKX
RhxFDcDA,safSbmkd,PuFLQAzH,bU9zxj68,QYO6tnzN,3Pk1teFK
3IiOU6ut,XE2HUX0B,cmmAPRRf,WMYth1Cu,DW8zpoEb,6UOf5O2H
SuFqHO48,2X6ks1uO,VbJ1ba0c,LIKLsnUI,GukaNPE5,UIX8yfWA
dKDV3FZi,bPzgXvKT,xSwJadQL,PmBRb9PO,mIciOb7x,1oXZ9jk9
rGtpA0os,uz3A90SH,MTAWj4G5,GlZW46zR,dtxRqTR6,VOl60w97
ftplDsiP,bUsJuRKb,HjM472nb,kJT4DZ1u,AVvrvsr9,SWjs9XTK
nbk1FPHF,97oZlZ6J,BuSvq3F1,dvMhKXKr,3WrQciNs,FuByCM0L
JflYZeLd,7xICytgF,ITgSnI9C,W7EZWsjS,GErwSFWY,Q5Cs2Ote
keLBEH3z,EQMOV1xo,82L4aiJV,07YGUxYv,q0wikOYZ,QRfBuINM
QkwJWNfW,48BTgDZ3,5kjKfw0u,uw1kzpJP,0evHkYJl,1Yj5BZ54
aqqVmLeD,TSiXkO3K,OsbYICpU,gDAULvEm,s9RLJkkT,zgxKQRSF
y6zHf4a0,aCHsWDaq,WTeu7BnP,Nm26pwH6,ceBmodsy,MaeKcLJM
cG9K5pXz,9Ov5tdTK,qyObz0He,rYAzlNTm,eNwnM5gX,UgM1NXBI
EDPml9N4,GOsmfEM7,fOGQOlBG,avY7ADRm,giJsNolb,ryA5Prs3
wUJFJToj,VNSgh8lF,97aohZoX,ijselNOP,PB7wixCH,jOSMpTsO
oA8RdWiT,OKFlXYzG,TNZm7G7M,x1ViW7f0,HCunkQf1,liiFs6Zn
6VAgGZUy,ebCeGb2U,2HHa2pbW,l3r8p5Mq,LWTIXJPw,LN6UQolA
2WsZRY8B,rhOfXIXS,rLyvCgiW,COvZzQfq,7BJZdIvq,BO5QmZ6h
tQAeCrgO,zLbyCQ8h,io8425vK,0s5xF8X7,xYZpx3QL,q2oNonfQ
xfvfiPAd,leOJuKFp,ZJ02fhNa,ohbv1tM8,BEGN5jgF,PU0xw0xV
nqqQ0Vv3,IajzqvFV,55T9s4jh,0DeYa4GE,bkKpj5Yn,tgg7gbMJ
AEHBkWli,GwGiCaqI,RxapLd3i,2HT9ott6,AWT2DgW2,arwRu2PO
FMzgpUkr,KLS9s2u9,SKuCK9Gr,wvI9b2Ui,3mY0TbNW,IEGd8ro2
17MZXGI9,ECWeCwTT,CeiYZaa9,d2gOKyCO,Ecldwnqn,kFUmJVBc
wt74kPCm,lMopJ7Rw,AacxKPwz,2Es3dacB,hyclvRqQ,YIvOodnP
gvXUMRMf,v20XSIBB,ovuA7f0Q,SANg0F4F,6qq16OIw,Sje7LMlW
Th2eEPb7,Wi4RePC4,8ogW3mVJ,LTx65HCG,9D0J33k6,TQfiH2Kk
ve8XFXET,b4WyMBsM,ZTCbMruf,qhETa1f8,ULGtB6jQ,s6ak3x6a
ZZVgCfZq,rIAdGjo5,Aum0NDuY,11dN2Eqt,6g7qPJVq,ItWVJLXD
Dc5uXZBj,ma1TU8at,ah587jch,o5mbCxvA,K3v7iEJV,oMd2j1yW
YhInBRp6,L5mhJdzn,1BQ8QmjC,aiatKQ0g,0T6pF5xg,b2mtjQBf
wzIvlB9O,Jc95HYdh,JJXAmevx,i8fekluH,bWEBZmvg,eRYi6noK
CACH6AYV,NslCkh3o,Be5qvU4P,4o8nSjTJ,qeHdo1lo,OOALtD2U
nR7YXpeT,xGcqOg5K,SOZpZ4S0,4BL571gJ,SCNqfUOC,XdU761rR
7M97aL8X,6GihEsxV,xgEk63e3,syP2q2Lc,j6mec7bp,7LhPn84k
ckQLwRkf,C9U5VISA,WGxqKk12,3vrDBGlu,I2LfY6iz,yuEiLVct
S9sHrhKg,TayF7fOl,ag1BV6Mb,vJ70YQpH,4SZ3vyo0,HpyH4g4O
nLbgyQge,HaFoz8Al,Tk21XUNJ,8IPRXXQR,Aa6KlVKF,DeXjVeQG
hmeuvn1V,NRjBTgnz,xDXKKiMH,taMU68st,edvDQycS,jXS8KkkT
vmMzh02W,IzQUdMGM,KLKXatiG,yH93PRAl,Es5KSjNP,semOnca6
5prxb95Q,xkJskzmU,4Vzh8lif,aocSIi8g,eQwacWIu,ABYNyptF
0xQ39B2R,HjEaU02C,dzn7C375,NuwOqnUQ,yFCZiO9c,c84PknSv
PYKoxfKw,fXFgJ55F,ccCJLQz4,sEFopCsX,ordsor1u,GfkiQSk8
msQRbDJl,tP2pR8aQ,4FUTZSVi,ujKozuOt,19b3Xv4A,BBbDw2Ay
vpJIvYJR,huE0329O,nkdimmYI,QKHbcOGI,bqtgUCkd,p8ag0OJc
y9wvdfSf,ha8gR31v,DcgEPmw7,SaiGqe1t,5xW6m6Wx,Joh6U3q5
kgEkT0EK,2LAmQUSI,Om5W5j9u,BKXohtlg,qUlKZuyp,snEO8CkK
hJSnz3Kd,VsSNwDor,vIV2DsxR,1cfgBb2P,v31FvGAk,6XL8Zgow
ctv0YLKz,k5VfSm2w,GOjEID8M,RduHMmWy,a9EuRqBi,tpdX93TN
wvoigKM6,JKIz4OYj,57o08Sc8,egSKCUUR,8eILufx4,gus32nxG
0PR2DLu4,YXko8zmd,7kiTUJBo,YmZ8KM96,pYN4NHbx,obIZ0Wyk
UCJpYX7w,rQR7rv8H,LpSpG0vl,vjqHhHpD,iyIumtXW,ebaXShcc
wELWUnRj,efKtAwRX,Ge1IHxiL,qLVwvcnm,CDHN7jui,85SfiRhT
pVVnGjjg,yBUSPIav,999xxGaA,PcwkrYFC,Il5L53V8,cBZ00dGf
4Y7RVbc4,a4VHvXof,LeY3wn3t,H37dgxWP,3Wy0QCav,P0gPaxiq
eOlRFbbD,JgtfIkxi,s993vcGl,KNhBJYTL,4j9kKMa9,Nu21ZWgR
PESMWx9s,8ExDuryg,TDHRpJsi,EM42S0ii,kKY6GADq,ldvGS8qG
IVD9L7Vv,ZWCIDv3o,0bg7cUig,boEIdaQA,ZWJv3AuA,ZNAPB2ey
XVLSpCdK,nvtoToDG,rDGhyG2b,0p95M2N0,Wd9yjU0C,cFipYKFr
iVMBRd2S,nWz5Wa22,QdrBYWF7,Qvik3ji3,UoCENLT7,LHjW5k3K
Vxe6kNnK,GVemHAgT,6ronkTOz,amxDAzFT,bg1q3x3y,fFlpA2PZ
7CWljyIF,b1zXhOHE,rhQfVAQ5,liUF0JAU,VxarcaFm,FBflvfHC
VZkMwRoI,NVykGsV1,GAMMXgAv,h1z0W5j5,IHy7xQoC,3l7Gsnhf
MVUxVbUb,qbhjCL3q,LX7zKuaR,2NFUe9u4,ytmC3n8J,i7LLxam9
hghJM3Wa,Juke6Bzj,WN6soIrF,jztUt5Ra,jNU8jTWG,25kwXYOy
7wTF7OrQ,1ZeyxxjY,yQf8D3Kz,eS8shfKC,J0eqiWww,Npuq3HyE
T04u5RZo,Rs4f6zQg,GDe3DPbv,fo3dS1ZW,APuU0PIu,NHCPLFVv
YniWGHtF,OlkJgxnD,WWag8KNN,01QlUKkT,RxH6idhX,HP87qQlm
Tr7QK7co,dZykorjT,zcM7x977,E82sH7GX,w2RGOBgS,7V4hGoHF
sn55YQkV,1Y4ADNwk,ly3F6XqX,lSBpbmgo,jmsDigB0,ovDk1dQU
Q6hMR0ly,rVgb6upf,e3HAesnF,4T74noCe,SDuCULgO,OfWYHAAW
gnjRbWbv,Xe8EJAWe,tQvTNa9u,nb4D7jC9,4Z9yiwnf,zO597iOE
JjdJ0Iqt,icQPJF8l,60KBXTd4,5gpOv87I,HawLuoeM,q7sZoTkB
u2UoCqVz,7b11Vqrp,miqQsMcD,IeqESR92,2lo2vXjF,clKLB2Jc
hYHCN2db,8qEN4vPv,sCEm1ZEh,BDDCgVB6,dddB05yz,Ou2r4fJ9
7LvmiNQF,mS5e1DZc,xP1sLUlz,1JiRBpcb,DRpP7eVB,4BFFhgjn
Pxjvig7R,GdEzNrsn,7bg1azmN,dOMLyK7N,aP1rTZ1g,FoeOTfsW
eqVowsdt,Tl05AKK3,3Ou2wMcV,3XJlMRHU,adsmQK7h,u1XjS1w9
DciUEDsq,j7obp52E,ka3YVCYI,9qS3KNBQ,681ip7JJ,Y7mxqK6r
F0F8aFcU,4iAejz0V,jzGH53VP,LvTJm2ZE,whEB2F24,c0h833oN
vhMtomfM,e8Rfo2Dn,G843Tszj,WmKVZi3A,QdsEB2DE,P867tbW0
TiQ3zmLu,gnCI9gu0,TcMCv7yw,p924TuVY,jt1BpoAg,S4Jqksyt
SRlY0Rt6,HewQEJF6,b0TTIMa6,NXQvXQcU,XJHGRR7M,eZzUIcb7
fmQZNDwX,mG9Dm1xy,X1yhFDWN,Blx9UpFK,STALF6zQ,Ttoz6iSl
PqMEL01T,lDYda1bn,o4WmrjTo,B3JIpx0E,XpPJgwnv,RbTTpAaY
t1NJmgps,dw2pGHUB,v1i4YXC2,MOWzBhAn,P4uTuWSu,ZXo3d6XW
oihiqXMT,fi2Fyj0V,JuEiIN7s,tUBPR3XR,DF4YjQgv,dznMSEDR
q3Y1JNPt,MKeFcTRR,XXzyzaxL,3xGsKqy4,eYkPxITH,TTYZK7CW
yCN87IHO,3uZ5HzP5,GdHK1Ie1,yRT7g7ZU,pSD6KazD,SkPGFKay
lfoitjm5,8ShiJLup,CarGXgBg,bcORzKgU,bH44j65k,VDWFNGVc
Z76c3twO,KKZHexqM,Tzoph6Gv,7ZBhqQDM,AxtZe9rS,dvPunQdQ
RIUTTfHl,QGhaMvuv,ZuTrBr0O,3c46dy97,tlVZUoQE,BwYO4wfy
f63AOKbS,STSbb4DV,5bXtwa7O,ukdM8L7D,SbZnyRvY,ruYvzpj1
ufRdDTGz,Lv5tngse,YJwQl2R6,3ChTpIN4,0YGOgciA,CL0rJ6s8
DUra0PUy,lhCaf1sr,p0AI656V,pzOm0hgx,KshOqYA5,LOZEIxeT
cdKxI0It,kUPCyRja,PICZtiJ3,1gV1woZc,XMIM00zi,1YkLUOWB
b1PoEIoO,vOpJbHZW,5OES7JL3,fgUGIzH5,EasxsqAS,SLlpeIlg
AAVkuowA,iekj20Dt,Ca8yAlYS,iGdOy60S,EnLdQUzd,P8knMQmm
vqMueP8a,LZavoHAB,ojAgqmjB,KK6aBT80,6j6Gi1oj,76qEHHn2
c3OAB8vu,ec1k5E69,f3OqgZBz,8afrP93z,tyHfj4aF,iSCtwUwX
vwrgpXvQ,hsmfTejG,UzTVD7W0,skx5i1fJ,5uRyMChK,PGPkuVXK
fO35Tbh6,u8Ke0RZH,lNAu6tGM,iREBK6Lb,XMVRwIcG,XkbY4rvq
Km1rKI7y,y4yTaroh,oEq4bHPS,KfHAsG4U,PD5SJBgB,cTjoaOfd
7xWtIoRq,2goGWyZW,mcH7HhEY,lY9xVg9r,1Mz0Cdtd,iEpgvRH3
WpR2p1Tp,57WHTHpt,5dPnY6EH,BX3EVerd,phU8Lfga,56KNqb4X
hNVMj0LZ,MbOmXsB0,9S5awXYD,t6hlsxr4,7UxYS1y7,ZQgVnO1p
VhqBvfCU,9ZqyeUtX,9C1cLZdT,1nbiMGVs,yORznk1C,KmLA3YNx
bzhxT1AX,kimLI1nn,prKUVyqA,oM3FtYAP,0zz14odV,s0FwrRS5
QRwguSvY,H3ME5mrX,APTX7WsA,EyFRfbVM,cVbprHWQ,tF9AOBu0
76qCft6j,a0ZLrWhN,HZlHvxc7,SdPZm8T5,pWphJp7U,wS8Jmz6v
Ld1f0D01,wVkeBZo1,QfuEo1xA,zxKMOl5h,1XEWrXOW,3zQMAjWb
RSJ9WM3Q,7JrFVBjs,V2jaV392,Y6cPoTOf,WLd3AJvB,GASZtZbD
PCEnAgUg,WmqFD9Xm,444rcPXM,z3fdK1Mo,5Hn9j0G9,mJMxprmJ
iJmERf4p,huXOtuEU,4o4s9tjm,9hevkXXv,wdTpfpvX,wVHGAdfk
raOIIzr8,cCaQesDb,RUiFtYPT,Dx8c2Wwi,x5ho9vSC,glUW3hIG
Y4LzqTGV,GR4mhSz4,gwEggzHy,q1yeUPP5,jYg4ZoSY,Ye2hZObL
sJ1gn5Az,VAI6CAeS,OPgwGQAH,h5c8s2Fz,ZYHS7Xnm,2jJwc8hZ
tjMwrcK9,gSNjiQhx,lhBHfrg7,LkLaq74d,paNfuSLU,fHpxIFZD
FzEQJyiw,inxnpwPf,rnIlqqkx,BI7tMH2T,iPYtXR1v,jVJLk7bp
uvSyT9aX,QEP7ZfmQ,jYlgeSUz,w0dUMLl7,JEcVtihC,3Hy1wqLt
52d0TTVR,AY3IzcYf,uMdCg1Ot,TaEqSQuO,rglnO1oU,Gbs3ehar
MiHoojwP,86bXKSkU,uIz4NCMO,nKxchaCN,Z7Aw8Xwg,9SYKsHxm
dzaT1p69,SvaAtPUQ,kgxNBnRm,f2luCKsS,9Lvk12qO,YxGLlkgP
mdwTY0y0,cjfzm8cK,FeMDQwOC,0zprHSQN,jAXwvf1O,SMislXi3
rd9tS9mM,X4jWUO5d,D4nTm4Rw,Bpsrglou,VqVkp8En,TTajhEEm
O30NfvOW,1PAyCAle,kpe0dTor,NJeSL5TX,ykid6DkZ,g3wWwL62
GJudgT3o,lK50OdP3,t02icgoM,PkR1BEmL,qkDbPKFQ,Y9y878HY
0myWLmom,cReAfv0j,KYV9tM8T,Tksp7QRf,qZvcN9Mk,vW6GObsy
m2shJmfL,JzmmQmxp,q1swPdxi,WY3tRNkk,7eyGnqfG,8GOeuBaQ
qJ9pz7rx,3UrqOeGN,AIhSxnTI,99QZQHZA,mo5XFX5O,dVJ6SxFQ
55e2HuDZ,AekqoOiv,wfLolXxV,HFepjxK3,wy1jZmLZ,fNUoJyOr
ytXtmT5c,Doz1fUrd,u4e1RFVw,KThkvfMS,x8ZxJUQa,GodLdiFf
fxxD6Tre,2zoKZLB2,Sm1UQdbe,OYljST5M,U1DelIOk,tca9lJKe
3aqiXFYs,72PKQEaT,4QFm8D5Z,EzptW8Bk,dUc284zc,knQgswEB
XiVVs7Ch,NCGtbxN3,GvyPMKn5,Ul2CY12M,CgF5cCC2,csChJwGn
CElCdkY6,tcKxMC4r,YrFYANNd,5786Fupx,6U3FBZei,3m3vFLNj
Qat7I5HW,0bFI9RGc,2gfxEBLv,3enB1ine,cZRMo0jP,rK7g3BjI
aYr4bhnI,60leoUH9,8aH3pBNw,iPDp6ML9,MitVKTa6,fcYP7KHn
Lw3Lw4v6,vhTuKGUY,CW1O7wHl,Qz6HC3kW,X6yv9ntR,szHXSJbU
dZW5GOuy,QS3k6I9C,TKhxBcge,8IFP9IpV,joyR5bvp,rGVI5ab9
xrOuddnz,hQ1qagqA,7eRXkJpR,Xa9Qi15N,yq7riVAn,QZS4UB8I
YDl9eQXx,gQdM9Zxp,7QdJAAXh,8HouOHLH,D6f1S6ry,iXl3yD7x
JJere8Ht,8g1AyBeN,LwsOeKHW,Mg4qh4Na,vFb6SvWx,sNmk9Nh8
GQo8lLL3,PsrA6S7R,C2m3UVmE,AIKKi5Vj,AjqZow0F,SCrmrA0J
Fgj55Bt9,QG8FZQR6,g954oDcq,hB9rLozx,SUfoKGQi,FvJkw0ZY
LTtHOVNj,wZRFbTQ5,P5k5B5rQ,8vrQ0jO4,AP1lTGWl,va3l867W
0lBUhoXC,ld7gsktR,Zqra7lfH,W6bskllY,68yh0u1I,MVuqW56V
qfuO7oHZ,enLfsiNW,08x3rUid,73s5Q3OR,tQtMWpMU,3u3K0VYF
PNtHwthO,kgUeCT0n,sHTsM71p,KhyJUpRc,MPeKVEJc,jbWtr9W4
oXjTApcX,yaLlOHiS,8nvj3yBh,Zspu3xMR,zNsfSO0W,GSCOk8cT
ertvkB0H,Z9uhXaLE,1nmXvgUW,sacBrYur,vOwtKbuK,fszyK2rE
QU3aD7tI,9U0tFqyR,BYJd1bY8,RCRkf0gF,uKBJa4GC,XFHQRZEl
KotrK0g8,ar1brxro,u4SbUPmG,GnymPK7A,SaYTSGqU,fVfcvXmU
SVu2jPwt,urOVZ25Y,CpleREna,sUnygVBs,E9hvSFJz,tIaxEVo0
K7rrYqBT,2g6sKzOe,NO7lUqEu,alx5lgIH,AlxuLdbL,awwOlhUf
bCQZPiMy,DXywCb0h,9h21qIg0,qgO8PAsK,ziTSXF6e,kS2LoBvm
YTMPxZNd,GEgPNWru,ZyAgR2gl,1rOpaPyP,asZwE4dn,XeMPoYwl
kJlfg4fg,LFEKh84R,K48tHp2f,HJfEUzmS,UhhJgF1S,M1c8ZOlk
zKE3ePkB,B6hvKPhn,85cbXkdp,r5sQjTCS,4Opu2hOk,EX6rCwER
bab5Ohbu,YF13MICc,Dg2ojf4m,nYKtHbLW,3PaTO8iI,T8o5MoVb
DiXharft,ZrmWDEtC,18hFSYdX,jjYVFQoQ,zt13lZGX,ABCPSDn7
42ohh1Lt,11ukPA3T,0mnl7GUa,DjdAEney,JHdXiDaj,m98k9L09
N5wei6dg,1EHnpij6,ho7A3pS4,5vHnSRbs,H0N8Eu2W,COYite3Z
O7oIBNw1,pXvYEMvy,yAB72cYh,3dC3mva8,AfzWtP6C,NShJB7qd
Fyz5ABnS,mNSKswh3,JP0gVISW,DNnZFQsL,FyQZP4Bl,CLHi60Nh
iZgHossY,Vz86dY1K,luNcmgmn,sL1dMAMk,RSMdqN7B,Zz7eqTOI
HzzUgyAy,PVBQEBjv,IiKq0C9V,3IqyBG5b,ifnwG6Ey,kGfE41zV
7BTngzls,CgO1S9Z1,wsQ1xNic,8JtnVzj8,5pBpdQx5,cG0Jn9Ii
7hOnJT71,9BmWuV1H,ob2RVTsJ,fgQ37Yuk,tuIFE5E5,u2GVRQuz
iTIyL43X,43yYMwsO,LCEkry0W,Ig8f4pAs,WLE9qjKO,8wy2D8ig
WhPZy5VX,QVX8LVIn,bfuVaCXk,yVw4Wy8K,nAVWHK39,yHQimBWd
MuVLrfA1,VdRnbgoR,I6STDiBw,mpm4s5l7,Hnj2aL5m,WwgWbf6z
6LoWmNvN,b669m21I,OMjpLVDm,zbb6lJ5c,I7ShwD4D,h0ffChEi
7BPMbqj8,eL8BA0nT,Uiyb9miR,hNN8zs0Z,yYrCTTOb,KmcBIDic
s5WnhVPL,b7b40ED8,pU8SS0bv,2xIQxdEd,sOkQBbXA,k7DbEmfT
15LkI1nT,RSJvnvsb,mmi4lKHf,rEpdweDv,d9ht7Tig,AAwlzFO3
HT6Hapub,uBTnB3AM,zFXBJ9WF,xzMEMzfR,SZ8IWiji,Tr5cq0Hc
7Kdcrw8f,wYvk8uVD,r08nkqIT,XsQ4ujFC,PoklrdnO,eXjvLxpC
kpsJvJcV,Sjvqkeyp,g93XhMgn,g45rIqQe,9AzlAgoQ,7Yweh5Iy
wmVai2EJ,JAHJM5RW,tbMvRIUY,YEn2Bhww,67g7A5FX,quHSHQIF
I2chbfd9,B6V7aw8P,VlchS5vT,WuS97uat,p9YGrTgZ,tyEbh6hE
lZwGhQeJ,KnHgXMEP,ufnfYx5E,enZJ0uuf,3M4eGmLH,snKWZO3B
l9wEXjsE,I4T6hivB,SsahQHkS,pR4k2XBl,2BSJu6UB,1t27hFHZ
7WhRLp6c,l0zT4XfB,aFVnPDZk,MtBQhrQK,c9yTxRhd,bmb3jm0a
ZHWYjuyl,kJOFjeYb,s3Zt1sCo,rrDoGuwi,R9WX8dXq,WnpcwpNA
2pFeFNZS,oMHTyP1I,XgOyCqID,bFSUh1mb,esAgZaAG,OcgTBMV3
9BOlg8l7,RNaSMqFS,ZvHNgxuk,7p16Sx6h,We6IheiX,I2ThLIP9
ziK0w9Lm,u4jpJBAy,gx6iLXz1,oLdmqLQp,645XRTrY,c6kZa6cB
Jw2shctD,NO3qwQse,BCblffCk,CJAF8XLr,qliyFFDo,n4FJ6fmL
Q3ISEOu1,oT03Fc63,WsBH8m0r,3hckNxFY,PRHm4ABL,ZkNwSRde
1FYoo8P4,HhmltKi5,0Ij5kiGF,lzhSRFrB,tiPVUQAj,GoVYeArL
sRxGNFDA,Tp3U28I6,Do2fDaGI,eVxXkdYa,M3MZWyBx,HNVsyngh
sAJM2nHY,Q8J0pWDv,F0suflOy,1PgsQEx5,G9w08Ejn,0BREUg1E
7P4IiAMY,N3DAP2yt,UNJavS52,GBq4fVPb,90P0LiDg,XyM2x6kF
2BBaU2U0,5iihfdEt,ZKq714ap,YxwOFuKS,CbLXctEA,ijtIgFbt
Kjnz7fOZ,NdYtk3AY,RVqoYUST,lLrHwtWJ,LVEtZBBb,PPIR8UHg
jyexGRQv,EmMb6Oc7,eOUIVdnt,aGsCoAf6,vZ4vanuz,xLZSwiHu
jaAWlDSD,27xusm6n,Kjau1wgH,KlzRvl0C,Abzm3VUa,dNtngvQ4
MfusBe90,C5v98GE1,fqt7X2IG,lE8AQLJR,2cIjtDxu,NTiEaKrc
ifYLpZtq,7KUl2gXh,1bQEcb7f,mmI381hl,OWI9Cwg0,SAsKKbO2
WFlifOyP,cXqfOW54,QP3nCqGb,BvcLUL4J,la6EB3qd,kOK4OMwR
vvDcg9Gh,lf4lphxG,0RpKUdUS,HUubOleu,PhpPLpkC,rCCRuxr8
TLVrIopu,4TqoAYvX,ScAEav4k,KzxDjcq6,3xOr0B4Z,hT5B3xK1
geHSaUMe,EQQt1o95,E1ca1eZI,qXyGswM3,PtPu8YhW,dca2UvC8
VzSmIrwD,c1SQgSaR,2IuL9ap0,HQhX6jLg,OnYW9q5Z,7zxQmTTw
VKcTUZDo,3dcRLNu2,WUiFeNwv,goaPhFED,Y07ncYXI,FvedYErZ
dAektSZl,x8iHD8d3,88a4giji,12GBlIll,KZZhPAbr,mUmLCmTK
l5BtqifH,pbSAjxTF,wabYCWn3,lH3R2Qqe,4bghSDSt,pYoIKV7k
Qx6RAEfR,3qlyvWZi,pHuUqRRI,qwOlsfj2,GWbbO1Oa,2xLmnyvj
Qeo6KpBd,1dqPuhn8,Ai6RI4DG,4oVwiojy,Erc3NCXi,i0iWfnBT
y1C9xzL5,MdpPZ66s,0rjTJEn4,Pgc5669A,x0lmXSVh,evsVpif2
PQpVqVnY,uGvtuixf,6MSugbLV,WNn1yqix,OiMydWdT,wQz7KljB
dhDUoYmU,Ty9eOb1c,Xz5XFCzW,UaWr7nld,3n6QJGyv,l2cM6wKq
yV70gqck,gfWbFz6x,oKWCIzkU,hO083qgI,6BfIhGwu,ZgsbtfVH
MMKZk6G1,ZpdbVj8u,oBt0gsGF,2PH95w61,WK8iomN9,3yntfr2h
MdVgSdEN,zzsF55Wz,JdEJ4Za3,1JeiqNfB,QKlOaCUd,xlXG0DXn
bPTKFFMr,TSYifRWr,q4Ey7Hmw,nuDOpJTC,ndZ132XW,TA2CuIwb
084jkPFQ,J7ITB4k5,1JqHA9rN,DvIPVdE9,QaMoCdve,o2C1G0lM
8lEGQfW5,iYPbMd1D,aioGXsgX,F4zUYRyO,9sT6AHes,w8d2yVO8
B7SRaztW,DjncguAj,x3iyA0Cj,N7vKaKUu,qmdfjhnS,3IH1aJem
4jW82VAO,S1mFjK7d,wJXVXSu2,WvRXITnV,4jN9ZvkL,wDI8I3dW
sNUGZObM,P7WisRdb,AyBUSniI,UzRk8Osv,FBdA2emn,DiXywf2f
iGBdZPy7,rUXLDyih,AKebmXpu,L32BE1nc,0OTCdmLI,pgrqS66u
61B9w9Aa,F3rA8JNX,dR9tbMld,Oq4DFt35,TzwrdABR,CEqML7MC
0IK8Fpgx,0G5oqvaH,lYAML80N,ALZFkyw6,hJQAc9Dh,YiavFlum
k2suxOiZ,vojIWgaj,gKnQYeu3,W3od0pHx,59hZLkE8,gxaGp2YO
gN7Ch3CZ,64U61734,ZSrY15hm,ZSHEU0gv,wbbT92tE,wFln4m5N
LbUm0L4Z,D1xCmJMd,DLJMgRZK,l8Zc46P7,mjHnp0B9,9Xp6Di0N
J5gHFwZU,mXKcU44i,1gr8MD0x,JEXjcFYD,NeoUvO3p,7IDwtCnL
uK7Ob7NC,9gRkkbpm,5fehHJrQ,Hnxgafkl,3qPVulTo,bOCodQe7
vehLDCDP,uNUnzxZX,yeGArmEg,DU6cgEaJ,IPdjEE3L,tCd6CcfX
mWhNMtWQ,sQzXraJe,yY1QBTll,0vNR39rK,8dZIQ18r,jr1bFnQc
gwggz11j,pUmDAfay,0jdEKGF3,p9KOjl1m,edVciTyx,8iJjPLth
vQiQk0R4,Ql2f5dym,mCyIlFtD,8P6g2m4r,Bwy09mZF,CBvlCGek
TXoaM7MM,gANBiSL9,ZKeHAZjM,O60mHRXL,u0LwVj10,xRsBIn2U
1bpg4oRc,SLhBsUmk,3lH1IdJM,KJjBjayp,pu1Szqs2,28nxP9Zy
mjIRIo0W,V0Ki6sHZ,JVEWq6JV,enALb1wp,Mrkd6WTF,h56m2BTM
hal7vkDG,A8zH8ddM,OgW0APVt,GkCIomHg,9z04SQF4,CESZeAW6
vn1L5Ny7,R9G0DPOD,Vjievk3y,OLL9by5L,yBokctxL,YZ4xVD4D
qO37jZ9h,BI7O7NzV,3yy583KO,pOsmlMcZ,ASPaQ97d,00MDcirZ
TvucXmMB,x2sqtGVe,gFewYJ1n,ZkaPbIwP,MQA57mwP,IsRFesyy
Ps6sdavv,4ZPAQftT,6hwjAlAe,qWpu3Cli,q3IRxwNn,6QnaFA2z
K4XUdiHs,8VoA62Z4,FgppDfPq,gAVosKCa,qM41TOzT,vQKcvozp
btsCHSp0,4Tgc3XmK,yVdsdm60,5BoSenra,4Fsh9yHq,ErtBig24
KvjBhp8b,J58Cy3Gz,v7VxWCf0,GEGb6pzI,7UMDJEi0,Q9KFKfhy
wg24skqW,7e0Msx32,aGdKxvJX,WzKBlHSB,uCF8hiw7,zVXB4mJe
7wnYpyoV,tSX2CO5S,b77vWvEl,Bh8KfXui,Nxh2G369,leqmYu4T
FAsCdoQj,y15uC7Hq,xHX2WhOE,0r4FvQoK,IIytlAxN,qwWhWnYh
Swh4Vp0W,b1bqfaNZ,dmHUJmKi,KG1DaRJh,3x8aAQqQ,msV3NMXG
RtnVqIG5,xBZiY3o9,wGWEmBbM,de3E6EUQ,EZ4O0sc1,dI5gUzY8
xLEujdAn,dhaeYKYs,t9Z8MR9r,CSP2R9P2,NsmPHEXW,CsSsT8zb
YJuzdos5,jTa3K2nm,GJUR7BB2,H9tKRxMH,rudEfJKJ,hCJboaoS
LxOxUT3I,DWkQ1U7n,fkZ7F3jV,Ou7UHnvI,R5SJNmiM,w47t1Hub
3HrEART5,C1kaGUXA,CaRgbKZG,5BoxDt2U,DE5bgxzi,OKekBU4K
Wti9G8kR,eG9SshWZ,Ux1NuZkw,4fTQDRkh,uvCXcCra,6ntRQvyA
7wP5Nnlz,WCoWMORW,gliwhOQT,UUJwIDq9,SFD0eJrU,ns3V1qOL
nm7Uck8J,wr172Kvq,ney0RicM,9mmh4Uhf,NWdLc1b8,4ZJy5N6K
Ych06S71,rm44mT1E,ibXUMsZw,yDbeU2ln,KO6SHhs2,9rIyy7By
EbiGHTLj,onKCmeLL,9SWiJRgY,B3aVGxfR,3C3vZZ0A,Dnq0POQH
r2i89y3h,NMpBU6EG,pBRtbwNF,lr2keZH0,dwlOX0lk,6S0RZPnd
yRCZQSzI,f7ctDa15,YekxHyzg,jyzU2Wcw,XtxQMP00,bnzrITTB
xZqsT9sC,DYHqEJlw,BT6I9Lff,NZxU2qn2,19NAxx6Q,io1kA02Q
4nfMxUiC,zvdkIR6V,BWGTTFwt,0nsgxOI8,6sGf2zJN,mFoUAmgR
rKt5tskh,SEmQmmAs,hOVDzRWr,d2Kgv5ER,H2FWhaoB,vRoaQeUZ
Rxj21Lm2,BhosAxqL,oEdO4pN4,bzIiIr5g,DL6PpubY,NLLf9qFN
hRLekey7,XPNSniJ0,DxQrKzdC,L1RIgbKm,Qle5Y8oj,HRQruTA7
1cTuOlGn,7RXPGW5J,5txRwrBF,4wiwZMuQ,LESe6wYC,P3hcajOn
QSKoQL2X,2DSSWG9K,8uHYaBDn,TKKSevYI,L2aOV7mk,JMUwQf3n
lMTLke44,z9TugNGL,eHOFRDKl,l2e0K11R,CeG1GTvt,vZw6yon2
ChlamfNn,QyjYXxPU,9E12fhtI,JF0COUOG,XPwhO0MA,nLoXFWNo
e1mjCygn,cNezRMjz,ByegRP7Y,bQnf3IAa,VA5y7qIp,1B4JAxsG
Z0e4lJ2Q,au5Xt2KX,Lthww23G,UrWGVbCJ,3Y9ehuhr,0lg6dTrX
dOZDkbOO,56hIjYAw,hae2U3U2,tA1vTStW,WRaZReke,JOg4zA1q
vOIqb4j2,qpu953Rw,Jfzx9ODD,Zvtvxif6,Dwq0LJNQ,UcJbPOzm
0AUG9mQz,beC84ITe,cW5dsRhc,8W3dlOR5,ujB6g0FN,bBZ3znxH
YK3n4qGa,c9WVRxnR,nv1ZqJhg,CBxSCjHM,sTBrdYA6,C739SWMz
YqkQ4KP9,tnJUuVvl,HexZ4Tei,JvPNZAF2,JO7CZnvh,bzp86jde
7x35HrAv,u0BXFfGn,4aML5slq,cxJb53x9,hieJmSk5,cbX9HE21
7qVBaPaz,U7clZKlH,bXy86tcO,Lvh6ysxe,IGF1egm9,YIFO6VcT
5EQ9zpAi,oPrOwRYW,PeBkGASj,zw41wbOc,l1ITZFc7,UQS3fZ2V
cxgfEdRo,iNdebYKy,nR2Ibpji,IzFoQYq6,2OSgToqg,KNSMeG94
ovVolofo,AZt5ZbxT,Gd6W3iq5,ZmREkqSC,F4qc0hMQ,FBLZ3BOm
Plx56Dce,9oUbaFbd,WMdLPZ17,slZom3xi,PK6ZMMlu,ZQEXiCWN
wJiaxuQQ,FhKoaBGP,iWP26xbx,1Z0mFRQ0,8YQyIuWc,GNuNzNNQ
lMHsky12,7oQi3ZXV,i5Qv5G9W,2cRaokCp,QQxKrRNJ,VUYvdMDU
vr0tDNfF,ZgFLvibm,GBUM4MDK,qYQG8OSw,2YMNNYkq,cyQnzzWL
pm2VTris,nmLYtGWN,R9Yix6SN,lW5eNOFq,IXlOi8YD,d8Y7kk7h
3blwBjEW,z3Vd5wy5,1TA8vaoG,LlzpB5uC,HevcgGKl,3kNfNntZ
2lansBd4,prjWbto4,7IiGgY3m,GYBW0ELn,3CDwWvFA,eb7LB8qs
LWp6uFG2,JVZjn85N,pHJAq3GJ,8PiwiWYI,eTXqYCnq,5pV3gyCW
cShuxIH0,v4FxnQUY,cGs7U9ix,TrQwSuaP,1CbsnBke,tzrh57Or
7glTksNt,9PZQzh7C,tPLxBLXg,5e7HjaLk,Kor1FY1N,u4DTEDfW
6p1dK2o9,t4bm1puf,yjtkx4fR,u5hHoirv,GTV7vRUj,IP1kp57A
zQBY38a6,2c9V9WYn,IP6EMRaY,N31E9yV2,5cdt5wTq,QgalT3nb
NLS28IVw,9unXzEVb,0toIArOj,zYVWyEtH,H8DMkJlE,4pMYPLsL
v4cuENAz,mneYW4FV,rIpSCuj7,80lpXVu0,XJGmpaK4,F9wCRB88
v969wjcj,xnK9AE7T,UGMAH6i3,cNsTVEBL,ztkj6pcs,ZjQa3sh0
2qmdi7eA,w09lOb8U,4e7BEoVV,eXTQGrn0,4x0UtYI5,ftft5ZYs
pqmLu2iK,V3VlmCww,yGJIkvdn,cpL9C7Ya,tsXqokko,8Z7sQUfG
iglEWHAZ,pm16w3Kd,JKDhSlJn,AbIvEHqu,ikido0GR,lqvrJDwC
cJ3CYEVU,fbG8xDYh,kL1PaHEx,NmyVBpse,nGj1elWV,nYYZvhKT
xqPofUJx,3zAInA7o,hRzpudpQ,emBhnQFE,kVWmB4At,x5Z8N65z
nzidlowO,zJ4rxaBU,Cnzn05eA,Jh5kDIFl,psdThId8,Ynoti17n
UqujwnAZ,J6Gh5pIW,L37Iyt6w,7vFkVS9O,ijIW7347,PD5w3FCg
yNXynAqm,pLvAkuUh,W7f1RSiT,Z8gM78S3,h6YoK6x9,BPjFXOHj
Ycmom2KV,CqAh7Y6g,CRbQTpAc,wtL26t1K,uUQZ1gvI,VlFTeARD
iOEScD57,UC4DZqF1,gH0M0Oke,DINLLoZP,y2BjWgyY,H1sTZnHa
u5d75k0E,IW4qe4uk,5NlnCcms,645lLy2Q,a3BMw1M0,RSsrKCsN
oEj9u2iH,a9zFDjdi,50XiVZ78,IwULBgz3,tPrnxaCG,g1fonXPS
eK6il61J,k4ZrhCe9,Ci2FwUwj,kfo0R1h8,xhT8tHgP,PtvhTsVo
gkV3h0ra,bpAh21jv,RXlt1gTQ,qwNHCNMS,rHAKexCJ,MiOCftjB
2xOlKiWz,AnphDQA6,zCaNEeNw,mKaKh5Jp,IRbJDBDD,v4qPLdHT
WhvtwPSW,diwA1WOS,A0OTqIyW,mMNwJ6Tz,pZRqGbVL,hJ42VF41
oI30e5AY,cXNhiba2,TlbIAfq5,0LIqVPj2,oABiUBGq,5nfDjGsL
LJnr1hct,uU0IHqKf,Js0J14HZ,5Z0cCLq7,tHjiRiGx,r4b7XpdA
5P0lj12z,sxMZoEvh,q2e4a13F,Rt6mdjhc,HkLP63TO,E9avjRKV
sG2CIoPn,o8VD0ebx,Qo7ecnIk,PEr0WGPP,t9Rcno6U,NDFeQgk5
FXgCY3h3,c34CnxoN,uBpZFCyh,WvcEpGLW,aZuTqjEG,2dy46CCl
mekM8mC1,LUhvPPzN,L2TC5CMR,w3uy6DJ5,k59znNIU,IQPecBp9
3luxWxOV,DtnDkbb9,4RAxYI3i,2gPSO8y7,2fuRZemU,xl6n6MkC
PiuyC7xa,9AgJ28GC,yRB1snQm,sM4n5kWW,E26pyZTN,wDdZRSEq
jURZU82x,pphA0E7N,9MpUtQt8,VcyV3L02,bj0evIK6,bE3YNBOM
cny438J1,I74G9aJH,7lF62pdL,XZY22EAi,unfX80tB,P4Ph0beI
Ed4WNUY1,MvMUY2nd,3HlUdHsa,vHlTuxJS,GTzRfIX1,Ng1AURXI
OLHFwVrj,fWv3qdsh,ufNRxpCw,W5sz6mSV,aDB04GfN,CW3Mtcbo
skoTb4qE,pRTQAV5Z,X9XzrGYl,CLWQ4xw9,UNRZXEbF,USQhcypc
xrnxxLgC,onn5kVLH,dGui5Jfc,Ngw4kPNn,ynhQotPh,2iS2xuUv
MeONkJCg,Z6DA61ff,kGA0na91,WBRWFIoq,WlgRAmNx,i1TOB8YC
sXSadQ8U,FjJSaXTz,oR121FzP,aCPaIm8O,rPXB28XB,ihxE1XoG
f4BZ50bV,Klpv9xZu,93QPPqCE,4EheWzAZ,W5UbwhZm,MQNyBklF
lk7WGwRf,YOLEANry,eSpP3WwA,XorbZwWh,ZLk02cnu,lJS4Ab5j
FBdw89eZ,09GQRVZL,3xfAnJYg,AIfcjW0w,B5RNzoE4,l4OyuD1o
CpvWoOVP,OoATNoMW,Adae4A6n,JoXULAIE,krD1aw1Q,QGf53qmM
W4ouk6Wc,WK3Mv4T9,ysYVv5D8,3kH0bhTr,Vb2rEhvc,51w1o4zx
uOaJQOU3,UTFYClji,K02YhTje,Vtzj7CDn,XwqRZafW,rvAmDlY9
HrVHCZxP,UYOs5JsJ,LcKWGGv1,14mWPFrU,bzDd7x3q,oZubIjlF
S257ZGEn,IXetFs7o,7qiSxnT9,Y4mYKhCG,O43ucxS7,lzWoapgc
r5ZdKcQ7,0yEUTDiU,jpKp7idk,0puC1vTr,crbLJPEb,cThhaTOR
WU2qL9sS,gzEoj6wo,TJfXYQN9,lMZrFj44,OskSBOBQ,AMftrcYO
VrWENxvO,KTKifGOT,O4zk0tRI,8NxgXeyB,UoPfEr9W,vHwR7xKF
vrOwoZp4,F0AEpFwb,FxeVL9VA,Ycod8aOs,oE6Yye7B,Opg0ILql
He8ecr9V,ANTjuSx6,Txd6PxWF,Tst8ssy4,ml7erEEp,Jdhywwz2
MD6yeRMZ,AaKnA8tz,pIkKPSuG,bR9XL78W,TuMOZgAm,LZX80i0q
CstKDpEb,gXx99u4v,mhRxtDe5,BsHfnPM6,QYjBOYy6,wyQfkBdq
KG3Sv2pq,YSvuLHwG,WVYG9qkc,FP6gwwCL,PFSRrmeN,mTudMOpO
86OnKjAJ,5iKOF0Fr,iP9D6RZD,ulTq4PgQ,qo9nTbYP,KZMTMASy
wAmp5Wbi,AxylWTNL,XgrMHzz7,dWlj8ddJ,Uof2EtrQ,TRPfkRYQ
fJUZhflW,aR8NhdxL,Ddne6O6N,8jt7jI0l,9bLbATxZ,cYlzKlFi
xyGXqsEg,b5Vgy3vL,0oElCQr0,ySvUffq0,eG5hTkRP,u25NcJDx
bw8V92Gy,wTU01YxZ,7qcIzkzA,YqUM1o6D,LxPNDFh6,qTYyPNHC
vtZ90uED,BivW6YxI,R9rX3iqZ,axqDjFek,UEpCsEIV,9eZBGuqL
yqnidGQh,PfLkgljA,L8uzpuqJ,iiAUZEWY,kaoB2kCZ,4HiOCVDM
KEFFClsV,qGhJEFqG,jAcBDG12,8CnZlPE1,AtLTnWkx,2EtYa6lh
u8QGDXys,PpGzbWX8,3cwqXMuF,3fdEINnj,1qg3kdOO,BO3DzppN
FVowWNMS,bnjiL47l,A98gg4ud,O3EqkF2a,aBzm8K7s,mDy3tQZ4
axyLW7ST,8biGSerD,vcs6GnhA,mrB33WEE,AJps8i5f,tBxcLK2u
5Vgwh3DM,wMfzxlmG,aE6QQumM,luCGnh5n,mSDkI6SO,i0UrCwYD
ursceZ4m,nGip00fK,cyWDQQzO,1IEsEggV,E1zl7t0Z,KBJllCsI
EAC6OC0x,61SXnsPJ,jmrLJW86,b995Punr,WtkZP20X,bSjNUMI0
PGELpsOa,AFYYYMZr,YS7euE5V,t8CJhew4,KD2bqh8e,rhwWvm13
VglI8aMy,44pQKUK4,aQyL5LjT,JecWUmTo,epO5ZYTX,gfChDit7
YkVppq0p,rCQuscJX,gZGPWJvj,zItUpchD,e0kdCETO,PkC5gyv0
